Date,Tailings,Chainage
2024-07-14 00:00:00,,0+000
2024-07-14 00:00:00,,0+050
2024-07-14 00:00:00,,0+100
2024-07-14 00:00:00,,0+200
2024-07-14 00:00:00,,0+250
2024-07-14 00:00:00,,0+350
2024-07-14 00:00:00,,0+400
2024-07-14 00:00:00,,0+500
2024-07-14 00:00:00,,0+550
2024-07-14 00:00:00,,0+650
2024-07-14 00:00:00,,0+700
2024-07-14 00:00:00,,0+800
2024-07-14 00:00:00,,0+850
2024-07-14 00:00:00,,0+950
2024-07-14 00:00:00,,1+000
2024-07-14 00:00:00,,1+100
2024-07-14 00:00:00,,1+150
2024-07-14 00:00:00,,1+250
2024-07-14 00:00:00,,1+300
2024-07-14 00:00:00,,1+400
2024-07-14 00:00:00,,1+450
2024-07-14 00:00:00,,1+550
2024-07-14 00:00:00,,1+600
2024-07-14 00:00:00,,1+700
2024-07-14 00:00:00,,1+750
2024-07-14 00:00:00,,1+850
2024-07-14 00:00:00,,1+900
2024-07-14 00:00:00,,1+950
2024-07-14 00:00:00,,2+000
2024-07-14 00:00:00,,2+100
2024-07-14 00:00:00,,2+150
2024-07-14 00:00:00,,2+250
2024-07-14 00:00:00,,2+300
2024-07-14 00:00:00,,2+400
2024-07-14 00:00:00,,2+450
2024-07-14 00:00:00,,2+550
2024-07-14 00:00:00,,2+600
2024-07-14 00:00:00,,2+700
2024-07-14 00:00:00,,2+750
2024-07-14 00:00:00,,2+850
2024-07-14 00:00:00,,2+900
2024-07-14 00:00:00,,3+000
2024-07-14 00:00:00,,3+050
2024-07-14 00:00:00,,3+150
2024-07-14 00:00:00,,3+200
2024-07-14 00:00:00,,3+300
2024-07-14 00:00:00,,3+350
2024-07-14 00:00:00,,3+400
2024-07-14 00:00:00,,3+500
2024-07-14 00:00:00,,3+550
2024-07-14 00:00:00,,3+650
2024-07-14 00:00:00,,3+700
2024-07-14 00:00:00,,3+800
2024-07-14 00:00:00,,3+850
2024-07-14 00:00:00,,3+950
2024-07-14 00:00:00,,4+000
2024-07-14 00:00:00,,4+100
2024-07-14 00:00:00,,4+150
2024-07-14 00:00:00,,4+200
2024-07-14 00:00:00,,4+300
2024-07-14 00:00:00,,4+350
2024-07-14 00:00:00,,4+450
2024-07-14 00:00:00,,4+500
2024-07-14 00:00:00,,4+600
2024-07-14 00:00:00,,4+650
2024-07-14 00:00:00,,4+750
2024-07-14 00:00:00,,4+800
2024-07-14 00:00:00,,4+900
2024-07-14 00:00:00,,4+950
2024-07-14 00:00:00,,5+050
2024-07-14 00:00:00,,5+100
2024-07-14 00:00:00,,5+200
2024-07-14 00:00:00,,5+250
2024-07-14 00:00:00,,5+350
2024-07-14 00:00:00,,5+400
2024-07-14 00:00:00,,5+450
2024-07-14 00:00:00,,5+500
2024-07-14 00:00:00,,5+550
2024-07-14 00:00:00,,5+600
2024-07-14 00:00:00,,5+650
2024-07-14 00:00:00,,5+700
2024-07-14 00:00:00,,5+750
2024-07-14 00:00:00,,5+800
2024-07-14 00:00:00,,5+850
2024-07-14 00:00:00,,5+900
2024-07-14 00:00:00,,5+950
2024-07-14 00:00:00,,6+000
2024-07-14 00:00:00,1145.13,Barge
2024-07-14 00:00:00,1145.26,RD2
2024-07-14 00:00:00,1148.69,RD1
2024-07-14 00:00:00,1149.672,5+300
2024-07-14 00:00:00,1150.496,5+150
2024-07-14 00:00:00,1150.994,5+000
2024-07-14 00:00:00,1151.446,4+850
2024-07-14 00:00:00,1151.663,4+700
2024-07-14 00:00:00,1152.136,4+550
2024-07-14 00:00:00,1152.887,4+400
2024-07-14 00:00:00,1153.697,4+250
2024-07-14 00:00:00,1154.384,4+050
2024-07-14 00:00:00,1154.433,0+300
2024-07-14 00:00:00,1154.459,0+450
2024-07-14 00:00:00,1154.526,0+150
2024-07-14 00:00:00,1155.172,3+900
2024-07-14 00:00:00,1155.592,0+900
2024-07-14 00:00:00,1155.692,0+600
2024-07-14 00:00:00,1155.846,1+200
2024-07-14 00:00:00,1155.904,0+750
2024-07-14 00:00:00,1155.929,3+750
2024-07-14 00:00:00,1155.945,1+050
2024-07-14 00:00:00,1156.391,2+050
2024-07-14 00:00:00,1156.96,3+600
2024-07-14 00:00:00,1157.01,1+500
2024-07-14 00:00:00,1157.05,1+800
2024-07-14 00:00:00,1157.071,1+350
2024-07-14 00:00:00,1157.57,1+650
2024-07-14 00:00:00,1157.979,3+450
2024-07-14 00:00:00,1158.356,3+100
2024-07-14 00:00:00,1158.426,3+250
2024-07-14 00:00:00,1159.034,2+950
2024-07-14 00:00:00,1160.123,2+800
2024-07-14 00:00:00,1160.45,2+650
2024-07-14 00:00:00,1160.602,2+500
2024-07-14 00:00:00,1160.794,2+350
2024-07-14 00:00:00,1161.284,2+200
2024-07-21 00:00:00,,0+000
2024-07-21 00:00:00,,0+050
2024-07-21 00:00:00,,0+100
2024-07-21 00:00:00,,0+200
2024-07-21 00:00:00,,0+250
2024-07-21 00:00:00,,0+350
2024-07-21 00:00:00,,0+400
2024-07-21 00:00:00,,0+500
2024-07-21 00:00:00,,0+550
2024-07-21 00:00:00,,0+650
2024-07-21 00:00:00,,0+700
2024-07-21 00:00:00,,0+800
2024-07-21 00:00:00,,0+850
2024-07-21 00:00:00,,0+950
2024-07-21 00:00:00,,1+000
2024-07-21 00:00:00,,1+100
2024-07-21 00:00:00,,1+150
2024-07-21 00:00:00,,1+250
2024-07-21 00:00:00,,1+300
2024-07-21 00:00:00,,1+400
2024-07-21 00:00:00,,1+450
2024-07-21 00:00:00,,1+550
2024-07-21 00:00:00,,1+600
2024-07-21 00:00:00,,1+700
2024-07-21 00:00:00,,1+750
2024-07-21 00:00:00,,1+850
2024-07-21 00:00:00,,1+900
2024-07-21 00:00:00,,1+950
2024-07-21 00:00:00,,2+000
2024-07-21 00:00:00,,2+100
2024-07-21 00:00:00,,2+150
2024-07-21 00:00:00,,2+250
2024-07-21 00:00:00,,2+300
2024-07-21 00:00:00,,2+400
2024-07-21 00:00:00,,2+450
2024-07-21 00:00:00,,2+550
2024-07-21 00:00:00,,2+600
2024-07-21 00:00:00,,2+700
2024-07-21 00:00:00,,2+750
2024-07-21 00:00:00,,2+850
2024-07-21 00:00:00,,2+900
2024-07-21 00:00:00,,3+000
2024-07-21 00:00:00,,3+050
2024-07-21 00:00:00,,3+150
2024-07-21 00:00:00,,3+200
2024-07-21 00:00:00,,3+300
2024-07-21 00:00:00,,3+350
2024-07-21 00:00:00,,3+400
2024-07-21 00:00:00,,3+500
2024-07-21 00:00:00,,3+550
2024-07-21 00:00:00,,3+650
2024-07-21 00:00:00,,3+700
2024-07-21 00:00:00,,3+800
2024-07-21 00:00:00,,3+850
2024-07-21 00:00:00,,3+950
2024-07-21 00:00:00,,4+000
2024-07-21 00:00:00,,4+100
2024-07-21 00:00:00,,4+150
2024-07-21 00:00:00,,4+200
2024-07-21 00:00:00,,4+300
2024-07-21 00:00:00,,4+350
2024-07-21 00:00:00,,4+450
2024-07-21 00:00:00,,4+500
2024-07-21 00:00:00,,4+600
2024-07-21 00:00:00,,4+650
2024-07-21 00:00:00,,4+750
2024-07-21 00:00:00,,4+800
2024-07-21 00:00:00,,4+900
2024-07-21 00:00:00,,4+950
2024-07-21 00:00:00,,5+050
2024-07-21 00:00:00,,5+100
2024-07-21 00:00:00,,5+200
2024-07-21 00:00:00,,5+250
2024-07-21 00:00:00,,5+350
2024-07-21 00:00:00,,5+400
2024-07-21 00:00:00,,5+450
2024-07-21 00:00:00,,5+500
2024-07-21 00:00:00,,5+550
2024-07-21 00:00:00,,5+600
2024-07-21 00:00:00,,5+650
2024-07-21 00:00:00,,5+700
2024-07-21 00:00:00,,5+750
2024-07-21 00:00:00,,5+800
2024-07-21 00:00:00,,5+850
2024-07-21 00:00:00,,5+900
2024-07-21 00:00:00,,5+950
2024-07-21 00:00:00,,6+000
2024-07-21 00:00:00,1145.12,Barge
2024-07-21 00:00:00,1145.12,RD2
2024-07-21 00:00:00,1149.06,RD1
2024-07-21 00:00:00,1150.074,5+300
2024-07-21 00:00:00,1150.624,5+150
2024-07-21 00:00:00,1151.007,5+000
2024-07-21 00:00:00,1151.497,4+850
2024-07-21 00:00:00,1152.073,4+700
2024-07-21 00:00:00,1152.536,4+550
2024-07-21 00:00:00,1152.802,4+400
2024-07-21 00:00:00,1153.611,4+250
2024-07-21 00:00:00,1154.245,4+050
2024-07-21 00:00:00,1154.344,0+300
2024-07-21 00:00:00,1154.415,0+450
2024-07-21 00:00:00,1154.519,0+150
2024-07-21 00:00:00,1155.092,3+900
2024-07-21 00:00:00,1155.48,0+900
2024-07-21 00:00:00,1155.651,0+600
2024-07-21 00:00:00,1155.753,0+750
2024-07-21 00:00:00,1155.841,1+200
2024-07-21 00:00:00,1155.964,3+750
2024-07-21 00:00:00,1155.98,1+050
2024-07-21 00:00:00,1156.318,2+050
2024-07-21 00:00:00,1156.94,3+600
2024-07-21 00:00:00,1156.948,1+500
2024-07-21 00:00:00,1156.992,1+800
2024-07-21 00:00:00,1157.035,1+350
2024-07-21 00:00:00,1157.501,1+650
2024-07-21 00:00:00,1157.927,3+450
2024-07-21 00:00:00,1158.386,3+250
2024-07-21 00:00:00,1158.752,3+100
2024-07-21 00:00:00,1159.906,2+950
2024-07-21 00:00:00,1160.802,2+800
2024-07-21 00:00:00,1161.124,2+650
2024-07-21 00:00:00,1161.513,2+500
2024-07-21 00:00:00,1161.922,2+350
2024-07-21 00:00:00,1162.288,2+200
2024-07-28 00:00:00,,0+000
2024-07-28 00:00:00,,0+050
2024-07-28 00:00:00,,0+100
2024-07-28 00:00:00,,0+200
2024-07-28 00:00:00,,0+250
2024-07-28 00:00:00,,0+350
2024-07-28 00:00:00,,0+400
2024-07-28 00:00:00,,0+500
2024-07-28 00:00:00,,0+550
2024-07-28 00:00:00,,0+650
2024-07-28 00:00:00,,0+700
2024-07-28 00:00:00,,0+800
2024-07-28 00:00:00,,0+850
2024-07-28 00:00:00,,0+950
2024-07-28 00:00:00,,1+000
2024-07-28 00:00:00,,1+100
2024-07-28 00:00:00,,1+150
2024-07-28 00:00:00,,1+250
2024-07-28 00:00:00,,1+300
2024-07-28 00:00:00,,1+400
2024-07-28 00:00:00,,1+450
2024-07-28 00:00:00,,1+550
2024-07-28 00:00:00,,1+600
2024-07-28 00:00:00,,1+700
2024-07-28 00:00:00,,1+750
2024-07-28 00:00:00,,1+850
2024-07-28 00:00:00,,1+900
2024-07-28 00:00:00,,1+950
2024-07-28 00:00:00,,2+000
2024-07-28 00:00:00,,2+100
2024-07-28 00:00:00,,2+150
2024-07-28 00:00:00,,2+250
2024-07-28 00:00:00,,2+300
2024-07-28 00:00:00,,2+400
2024-07-28 00:00:00,,2+450
2024-07-28 00:00:00,,2+550
2024-07-28 00:00:00,,2+600
2024-07-28 00:00:00,,2+700
2024-07-28 00:00:00,,2+750
2024-07-28 00:00:00,,2+850
2024-07-28 00:00:00,,2+900
2024-07-28 00:00:00,,3+000
2024-07-28 00:00:00,,3+050
2024-07-28 00:00:00,,3+150
2024-07-28 00:00:00,,3+200
2024-07-28 00:00:00,,3+300
2024-07-28 00:00:00,,3+350
2024-07-28 00:00:00,,3+400
2024-07-28 00:00:00,,3+500
2024-07-28 00:00:00,,3+550
2024-07-28 00:00:00,,3+650
2024-07-28 00:00:00,,3+700
2024-07-28 00:00:00,,3+800
2024-07-28 00:00:00,,3+850
2024-07-28 00:00:00,,3+950
2024-07-28 00:00:00,,4+000
2024-07-28 00:00:00,,4+100
2024-07-28 00:00:00,,4+150
2024-07-28 00:00:00,,4+200
2024-07-28 00:00:00,,4+300
2024-07-28 00:00:00,,4+350
2024-07-28 00:00:00,,4+450
2024-07-28 00:00:00,,4+500
2024-07-28 00:00:00,,4+600
2024-07-28 00:00:00,,4+650
2024-07-28 00:00:00,,4+750
2024-07-28 00:00:00,,4+800
2024-07-28 00:00:00,,4+900
2024-07-28 00:00:00,,4+950
2024-07-28 00:00:00,,5+050
2024-07-28 00:00:00,,5+100
2024-07-28 00:00:00,,5+200
2024-07-28 00:00:00,,5+250
2024-07-28 00:00:00,,5+350
2024-07-28 00:00:00,,5+400
2024-07-28 00:00:00,,5+450
2024-07-28 00:00:00,,5+500
2024-07-28 00:00:00,,5+550
2024-07-28 00:00:00,,5+600
2024-07-28 00:00:00,,5+650
2024-07-28 00:00:00,,5+700
2024-07-28 00:00:00,,5+750
2024-07-28 00:00:00,,5+800
2024-07-28 00:00:00,,5+850
2024-07-28 00:00:00,,5+900
2024-07-28 00:00:00,,5+950
2024-07-28 00:00:00,,6+000
2024-07-28 00:00:00,1147.83,Barge
2024-07-28 00:00:00,1147.83,RD2
2024-07-28 00:00:00,1148.959,RD1
2024-07-28 00:00:00,1150.015,5+300
2024-07-28 00:00:00,1150.47,5+150
2024-07-28 00:00:00,1151.022,5+000
2024-07-28 00:00:00,1151.5,4+850
2024-07-28 00:00:00,1152.007,4+700
2024-07-28 00:00:00,1152.634,4+550
2024-07-28 00:00:00,1152.859,4+400
2024-07-28 00:00:00,1153.679,4+250
2024-07-28 00:00:00,1154.315,4+050
2024-07-28 00:00:00,1154.351,0+450
2024-07-28 00:00:00,1154.365,0+150
2024-07-28 00:00:00,1154.38,0+300
2024-07-28 00:00:00,1155.242,3+900
2024-07-28 00:00:00,1155.495,0+900
2024-07-28 00:00:00,1155.595,0+600
2024-07-28 00:00:00,1155.749,0+750
2024-07-28 00:00:00,1155.828,1+200
2024-07-28 00:00:00,1155.941,1+050
2024-07-28 00:00:00,1156.246,3+750
2024-07-28 00:00:00,1156.347,2+050
2024-07-28 00:00:00,1156.972,1+800
2024-07-28 00:00:00,1157.04,3+600
2024-07-28 00:00:00,1157.074,1+350
2024-07-28 00:00:00,1157.082,1+500
2024-07-28 00:00:00,1157.472,1+650
2024-07-28 00:00:00,1157.889,3+450
2024-07-28 00:00:00,1158.404,3+250
2024-07-28 00:00:00,1158.693,3+100
2024-07-28 00:00:00,1159.731,2+950
2024-07-28 00:00:00,1160.673,2+800
2024-07-28 00:00:00,1161.088,2+650
2024-07-28 00:00:00,1161.408,2+500
2024-07-28 00:00:00,1161.666,2+350
2024-07-28 00:00:00,1162.165,2+200
2024-08-04 00:00:00,,0+000
2024-08-04 00:00:00,,0+050
2024-08-04 00:00:00,,0+100
2024-08-04 00:00:00,,0+200
2024-08-04 00:00:00,,0+250
2024-08-04 00:00:00,,0+350
2024-08-04 00:00:00,,0+400
2024-08-04 00:00:00,,0+500
2024-08-04 00:00:00,,0+550
2024-08-04 00:00:00,,0+650
2024-08-04 00:00:00,,0+700
2024-08-04 00:00:00,,0+800
2024-08-04 00:00:00,,0+850
2024-08-04 00:00:00,,0+950
2024-08-04 00:00:00,,1+000
2024-08-04 00:00:00,,1+100
2024-08-04 00:00:00,,1+150
2024-08-04 00:00:00,,1+250
2024-08-04 00:00:00,,1+300
2024-08-04 00:00:00,,1+400
2024-08-04 00:00:00,,1+450
2024-08-04 00:00:00,,1+550
2024-08-04 00:00:00,,1+600
2024-08-04 00:00:00,,1+700
2024-08-04 00:00:00,,1+750
2024-08-04 00:00:00,,1+850
2024-08-04 00:00:00,,1+900
2024-08-04 00:00:00,,1+950
2024-08-04 00:00:00,,2+000
2024-08-04 00:00:00,,2+100
2024-08-04 00:00:00,,2+150
2024-08-04 00:00:00,,2+250
2024-08-04 00:00:00,,2+300
2024-08-04 00:00:00,,2+400
2024-08-04 00:00:00,,2+450
2024-08-04 00:00:00,,2+550
2024-08-04 00:00:00,,2+600
2024-08-04 00:00:00,,2+700
2024-08-04 00:00:00,,2+750
2024-08-04 00:00:00,,2+850
2024-08-04 00:00:00,,2+900
2024-08-04 00:00:00,,3+000
2024-08-04 00:00:00,,3+050
2024-08-04 00:00:00,,3+150
2024-08-04 00:00:00,,3+200
2024-08-04 00:00:00,,3+300
2024-08-04 00:00:00,,3+350
2024-08-04 00:00:00,,3+400
2024-08-04 00:00:00,,3+500
2024-08-04 00:00:00,,3+550
2024-08-04 00:00:00,,3+650
2024-08-04 00:00:00,,3+700
2024-08-04 00:00:00,,3+800
2024-08-04 00:00:00,,3+850
2024-08-04 00:00:00,,3+950
2024-08-04 00:00:00,,4+000
2024-08-04 00:00:00,,4+100
2024-08-04 00:00:00,,4+150
2024-08-04 00:00:00,,4+200
2024-08-04 00:00:00,,4+300
2024-08-04 00:00:00,,4+350
2024-08-04 00:00:00,,4+450
2024-08-04 00:00:00,,4+500
2024-08-04 00:00:00,,4+600
2024-08-04 00:00:00,,4+650
2024-08-04 00:00:00,,4+750
2024-08-04 00:00:00,,4+800
2024-08-04 00:00:00,,4+900
2024-08-04 00:00:00,,4+950
2024-08-04 00:00:00,,5+050
2024-08-04 00:00:00,,5+100
2024-08-04 00:00:00,,5+200
2024-08-04 00:00:00,,5+250
2024-08-04 00:00:00,,5+350
2024-08-04 00:00:00,,5+400
2024-08-04 00:00:00,,5+450
2024-08-04 00:00:00,,5+500
2024-08-04 00:00:00,,5+550
2024-08-04 00:00:00,,5+600
2024-08-04 00:00:00,,5+650
2024-08-04 00:00:00,,5+700
2024-08-04 00:00:00,,5+750
2024-08-04 00:00:00,,5+800
2024-08-04 00:00:00,,5+850
2024-08-04 00:00:00,,5+900
2024-08-04 00:00:00,,5+950
2024-08-04 00:00:00,,6+000
2024-08-04 00:00:00,1147.27,Barge
2024-08-04 00:00:00,1147.27,RD2
2024-08-04 00:00:00,1149.19,RD1
2024-08-04 00:00:00,1149.931,5+300
2024-08-04 00:00:00,1150.354,5+150
2024-08-04 00:00:00,1150.945,5+000
2024-08-04 00:00:00,1151.412,4+850
2024-08-04 00:00:00,1151.906,4+700
2024-08-04 00:00:00,1152.389,4+550
2024-08-04 00:00:00,1152.806,4+400
2024-08-04 00:00:00,1153.624,4+250
2024-08-04 00:00:00,1154.29,4+050
2024-08-04 00:00:00,1154.358,0+300
2024-08-04 00:00:00,1154.401,0+450
2024-08-04 00:00:00,1154.424,0+150
2024-08-04 00:00:00,1155.106,3+900
2024-08-04 00:00:00,1155.52,0+900
2024-08-04 00:00:00,1155.605,0+600
2024-08-04 00:00:00,1155.732,0+750
2024-08-04 00:00:00,1155.786,1+200
2024-08-04 00:00:00,1155.941,1+050
2024-08-04 00:00:00,1156.142,3+750
2024-08-04 00:00:00,1156.927,3+600
2024-08-04 00:00:00,1156.987,2+050
2024-08-04 00:00:00,1157.34,1+500
2024-08-04 00:00:00,1157.454,1+350
2024-08-04 00:00:00,1157.569,1+650
2024-08-04 00:00:00,1157.695,1+800
2024-08-04 00:00:00,1157.848,3+450
2024-08-04 00:00:00,1158.304,3+250
2024-08-04 00:00:00,1158.599,3+100
2024-08-04 00:00:00,1159.684,2+950
2024-08-04 00:00:00,1160.587,2+800
2024-08-04 00:00:00,1160.957,2+650
2024-08-04 00:00:00,1161.226,2+500
2024-08-04 00:00:00,1161.535,2+350
2024-08-04 00:00:00,1161.938,2+200
2024-08-11 00:00:00,,0+000
2024-08-11 00:00:00,,0+050
2024-08-11 00:00:00,,0+100
2024-08-11 00:00:00,,0+200
2024-08-11 00:00:00,,0+250
2024-08-11 00:00:00,,0+350
2024-08-11 00:00:00,,0+400
2024-08-11 00:00:00,,0+500
2024-08-11 00:00:00,,0+550
2024-08-11 00:00:00,,0+650
2024-08-11 00:00:00,,0+700
2024-08-11 00:00:00,,0+800
2024-08-11 00:00:00,,0+850
2024-08-11 00:00:00,,0+950
2024-08-11 00:00:00,,1+000
2024-08-11 00:00:00,,1+100
2024-08-11 00:00:00,,1+150
2024-08-11 00:00:00,,1+250
2024-08-11 00:00:00,,1+300
2024-08-11 00:00:00,,1+400
2024-08-11 00:00:00,,1+450
2024-08-11 00:00:00,,1+550
2024-08-11 00:00:00,,1+600
2024-08-11 00:00:00,,1+700
2024-08-11 00:00:00,,1+750
2024-08-11 00:00:00,,1+850
2024-08-11 00:00:00,,1+900
2024-08-11 00:00:00,,1+950
2024-08-11 00:00:00,,2+000
2024-08-11 00:00:00,,2+100
2024-08-11 00:00:00,,2+150
2024-08-11 00:00:00,,2+250
2024-08-11 00:00:00,,2+300
2024-08-11 00:00:00,,2+400
2024-08-11 00:00:00,,2+450
2024-08-11 00:00:00,,2+550
2024-08-11 00:00:00,,2+600
2024-08-11 00:00:00,,2+700
2024-08-11 00:00:00,,2+750
2024-08-11 00:00:00,,2+850
2024-08-11 00:00:00,,2+900
2024-08-11 00:00:00,,3+000
2024-08-11 00:00:00,,3+050
2024-08-11 00:00:00,,3+150
2024-08-11 00:00:00,,3+200
2024-08-11 00:00:00,,3+300
2024-08-11 00:00:00,,3+350
2024-08-11 00:00:00,,3+400
2024-08-11 00:00:00,,3+500
2024-08-11 00:00:00,,3+550
2024-08-11 00:00:00,,3+650
2024-08-11 00:00:00,,3+700
2024-08-11 00:00:00,,3+800
2024-08-11 00:00:00,,3+850
2024-08-11 00:00:00,,3+950
2024-08-11 00:00:00,,4+000
2024-08-11 00:00:00,,4+100
2024-08-11 00:00:00,,4+150
2024-08-11 00:00:00,,4+200
2024-08-11 00:00:00,,4+300
2024-08-11 00:00:00,,4+350
2024-08-11 00:00:00,,4+450
2024-08-11 00:00:00,,4+500
2024-08-11 00:00:00,,4+600
2024-08-11 00:00:00,,4+650
2024-08-11 00:00:00,,4+750
2024-08-11 00:00:00,,4+800
2024-08-11 00:00:00,,4+900
2024-08-11 00:00:00,,4+950
2024-08-11 00:00:00,,5+050
2024-08-11 00:00:00,,5+100
2024-08-11 00:00:00,,5+200
2024-08-11 00:00:00,,5+250
2024-08-11 00:00:00,,5+350
2024-08-11 00:00:00,,5+400
2024-08-11 00:00:00,,5+450
2024-08-11 00:00:00,,5+500
2024-08-11 00:00:00,,5+550
2024-08-11 00:00:00,,5+600
2024-08-11 00:00:00,,5+650
2024-08-11 00:00:00,,5+700
2024-08-11 00:00:00,,5+750
2024-08-11 00:00:00,,5+800
2024-08-11 00:00:00,,5+850
2024-08-11 00:00:00,,5+900
2024-08-11 00:00:00,,5+950
2024-08-11 00:00:00,,6+000
2024-08-11 00:00:00,1145.63,Barge
2024-08-11 00:00:00,1145.63,RD2
2024-08-11 00:00:00,1148.87,RD1
2024-08-11 00:00:00,1149.794,5+300
2024-08-11 00:00:00,1150.34,5+150
2024-08-11 00:00:00,1150.915,5+000
2024-08-11 00:00:00,1151.395,4+850
2024-08-11 00:00:00,1151.903,4+700
2024-08-11 00:00:00,1152.324,4+550
2024-08-11 00:00:00,1152.75,4+400
2024-08-11 00:00:00,1153.555,4+250
2024-08-11 00:00:00,1153.92,0+150
2024-08-11 00:00:00,1154.248,4+050
2024-08-11 00:00:00,1154.378,0+300
2024-08-11 00:00:00,1154.458,0+450
2024-08-11 00:00:00,1155.117,3+900
2024-08-11 00:00:00,1155.545,0+900
2024-08-11 00:00:00,1155.582,0+600
2024-08-11 00:00:00,1155.85,1+200
2024-08-11 00:00:00,1155.851,0+750
2024-08-11 00:00:00,1155.927,1+050
2024-08-11 00:00:00,1156.158,3+750
2024-08-11 00:00:00,1156.933,3+600
2024-08-11 00:00:00,1157.858,3+450
2024-08-11 00:00:00,1158.321,3+250
2024-08-11 00:00:00,1158.583,3+100
2024-08-11 00:00:00,1158.763,2+050
2024-08-11 00:00:00,1158.857,1+350
2024-08-11 00:00:00,1158.98,1+500
2024-08-11 00:00:00,1159.2,1+650
2024-08-11 00:00:00,1159.256,1+800
2024-08-11 00:00:00,1159.619,2+950
2024-08-11 00:00:00,1160.455,2+800
2024-08-11 00:00:00,1160.957,2+650
2024-08-11 00:00:00,1161.14,2+500
2024-08-11 00:00:00,1161.413,2+350
2024-08-11 00:00:00,1161.934,2+200
2024-08-18 00:00:00,,0+000
2024-08-18 00:00:00,,0+050
2024-08-18 00:00:00,,0+100
2024-08-18 00:00:00,,0+200
2024-08-18 00:00:00,,0+250
2024-08-18 00:00:00,,0+350
2024-08-18 00:00:00,,0+400
2024-08-18 00:00:00,,0+500
2024-08-18 00:00:00,,0+550
2024-08-18 00:00:00,,0+650
2024-08-18 00:00:00,,0+700
2024-08-18 00:00:00,,0+800
2024-08-18 00:00:00,,0+850
2024-08-18 00:00:00,,0+950
2024-08-18 00:00:00,,1+000
2024-08-18 00:00:00,,1+100
2024-08-18 00:00:00,,1+150
2024-08-18 00:00:00,,1+250
2024-08-18 00:00:00,,1+300
2024-08-18 00:00:00,,1+400
2024-08-18 00:00:00,,1+450
2024-08-18 00:00:00,,1+550
2024-08-18 00:00:00,,1+600
2024-08-18 00:00:00,,1+700
2024-08-18 00:00:00,,1+750
2024-08-18 00:00:00,,1+850
2024-08-18 00:00:00,,1+900
2024-08-18 00:00:00,,1+950
2024-08-18 00:00:00,,2+000
2024-08-18 00:00:00,,2+100
2024-08-18 00:00:00,,2+150
2024-08-18 00:00:00,,2+250
2024-08-18 00:00:00,,2+300
2024-08-18 00:00:00,,2+400
2024-08-18 00:00:00,,2+450
2024-08-18 00:00:00,,2+550
2024-08-18 00:00:00,,2+600
2024-08-18 00:00:00,,2+700
2024-08-18 00:00:00,,2+750
2024-08-18 00:00:00,,2+850
2024-08-18 00:00:00,,2+900
2024-08-18 00:00:00,,3+000
2024-08-18 00:00:00,,3+050
2024-08-18 00:00:00,,3+150
2024-08-18 00:00:00,,3+200
2024-08-18 00:00:00,,3+300
2024-08-18 00:00:00,,3+350
2024-08-18 00:00:00,,3+400
2024-08-18 00:00:00,,3+500
2024-08-18 00:00:00,,3+550
2024-08-18 00:00:00,,3+650
2024-08-18 00:00:00,,3+700
2024-08-18 00:00:00,,3+800
2024-08-18 00:00:00,,3+850
2024-08-18 00:00:00,,3+950
2024-08-18 00:00:00,,4+000
2024-08-18 00:00:00,,4+100
2024-08-18 00:00:00,,4+150
2024-08-18 00:00:00,,4+200
2024-08-18 00:00:00,,4+300
2024-08-18 00:00:00,,4+350
2024-08-18 00:00:00,,4+450
2024-08-18 00:00:00,,4+500
2024-08-18 00:00:00,,4+600
2024-08-18 00:00:00,,4+650
2024-08-18 00:00:00,,4+750
2024-08-18 00:00:00,,4+800
2024-08-18 00:00:00,,4+900
2024-08-18 00:00:00,,4+950
2024-08-18 00:00:00,,5+050
2024-08-18 00:00:00,,5+100
2024-08-18 00:00:00,,5+200
2024-08-18 00:00:00,,5+250
2024-08-18 00:00:00,,5+350
2024-08-18 00:00:00,,5+400
2024-08-18 00:00:00,,5+450
2024-08-18 00:00:00,,5+500
2024-08-18 00:00:00,,5+550
2024-08-18 00:00:00,,5+600
2024-08-18 00:00:00,,5+650
2024-08-18 00:00:00,,5+700
2024-08-18 00:00:00,,5+750
2024-08-18 00:00:00,,5+800
2024-08-18 00:00:00,,5+850
2024-08-18 00:00:00,,5+900
2024-08-18 00:00:00,,5+950
2024-08-18 00:00:00,,6+000
2024-08-18 00:00:00,1144.97,Barge
2024-08-18 00:00:00,1144.97,RD2
2024-08-18 00:00:00,1148.933,RD1
2024-08-18 00:00:00,1149.773,5+300
2024-08-18 00:00:00,1150.293,5+150
2024-08-18 00:00:00,1150.896,5+000
2024-08-18 00:00:00,1151.336,4+850
2024-08-18 00:00:00,1151.865,4+700
2024-08-18 00:00:00,1152.316,4+550
2024-08-18 00:00:00,1152.764,4+400
2024-08-18 00:00:00,1153.561,4+250
2024-08-18 00:00:00,1154.25,4+050
2024-08-18 00:00:00,1154.366,0+450
2024-08-18 00:00:00,1154.404,0+300
2024-08-18 00:00:00,1154.553,0+150
2024-08-18 00:00:00,1155.121,3+900
2024-08-18 00:00:00,1155.482,0+900
2024-08-18 00:00:00,1155.628,0+600
2024-08-18 00:00:00,1155.784,0+750
2024-08-18 00:00:00,1155.816,1+200
2024-08-18 00:00:00,1155.895,1+050
2024-08-18 00:00:00,1156.14,3+750
2024-08-18 00:00:00,1156.901,3+600
2024-08-18 00:00:00,1157.868,3+450
2024-08-18 00:00:00,1158.314,3+250
2024-08-18 00:00:00,1158.543,3+100
2024-08-18 00:00:00,1159.499,2+050
2024-08-18 00:00:00,1159.595,2+950
2024-08-18 00:00:00,1159.672,1+500
2024-08-18 00:00:00,1159.841,1+350
2024-08-18 00:00:00,1159.884,1+650
2024-08-18 00:00:00,1159.97,1+800
2024-08-18 00:00:00,1160.382,2+800
2024-08-18 00:00:00,1160.792,2+650
2024-08-18 00:00:00,1161.055,2+500
2024-08-18 00:00:00,1161.345,2+350
2024-08-18 00:00:00,1161.782,2+200
2024-08-25 00:00:00,,0+000
2024-08-25 00:00:00,,0+050
2024-08-25 00:00:00,,0+100
2024-08-25 00:00:00,,0+200
2024-08-25 00:00:00,,0+250
2024-08-25 00:00:00,,0+350
2024-08-25 00:00:00,,0+400
2024-08-25 00:00:00,,0+500
2024-08-25 00:00:00,,0+550
2024-08-25 00:00:00,,0+650
2024-08-25 00:00:00,,0+700
2024-08-25 00:00:00,,0+800
2024-08-25 00:00:00,,0+850
2024-08-25 00:00:00,,0+950
2024-08-25 00:00:00,,1+000
2024-08-25 00:00:00,,1+100
2024-08-25 00:00:00,,1+150
2024-08-25 00:00:00,,1+250
2024-08-25 00:00:00,,1+300
2024-08-25 00:00:00,,1+400
2024-08-25 00:00:00,,1+450
2024-08-25 00:00:00,,1+550
2024-08-25 00:00:00,,1+600
2024-08-25 00:00:00,,1+700
2024-08-25 00:00:00,,1+750
2024-08-25 00:00:00,,1+850
2024-08-25 00:00:00,,1+900
2024-08-25 00:00:00,,1+950
2024-08-25 00:00:00,,2+000
2024-08-25 00:00:00,,2+100
2024-08-25 00:00:00,,2+150
2024-08-25 00:00:00,,2+250
2024-08-25 00:00:00,,2+300
2024-08-25 00:00:00,,2+400
2024-08-25 00:00:00,,2+450
2024-08-25 00:00:00,,2+550
2024-08-25 00:00:00,,2+600
2024-08-25 00:00:00,,2+700
2024-08-25 00:00:00,,2+750
2024-08-25 00:00:00,,2+850
2024-08-25 00:00:00,,2+900
2024-08-25 00:00:00,,3+000
2024-08-25 00:00:00,,3+050
2024-08-25 00:00:00,,3+150
2024-08-25 00:00:00,,3+200
2024-08-25 00:00:00,,3+300
2024-08-25 00:00:00,,3+350
2024-08-25 00:00:00,,3+400
2024-08-25 00:00:00,,3+500
2024-08-25 00:00:00,,3+550
2024-08-25 00:00:00,,3+650
2024-08-25 00:00:00,,3+700
2024-08-25 00:00:00,,3+800
2024-08-25 00:00:00,,3+850
2024-08-25 00:00:00,,3+950
2024-08-25 00:00:00,,4+000
2024-08-25 00:00:00,,4+100
2024-08-25 00:00:00,,4+150
2024-08-25 00:00:00,,4+200
2024-08-25 00:00:00,,4+300
2024-08-25 00:00:00,,4+350
2024-08-25 00:00:00,,4+450
2024-08-25 00:00:00,,4+500
2024-08-25 00:00:00,,4+600
2024-08-25 00:00:00,,4+650
2024-08-25 00:00:00,,4+750
2024-08-25 00:00:00,,4+800
2024-08-25 00:00:00,,4+900
2024-08-25 00:00:00,,4+950
2024-08-25 00:00:00,,5+050
2024-08-25 00:00:00,,5+100
2024-08-25 00:00:00,,5+200
2024-08-25 00:00:00,,5+250
2024-08-25 00:00:00,,5+350
2024-08-25 00:00:00,,5+400
2024-08-25 00:00:00,,5+450
2024-08-25 00:00:00,,5+500
2024-08-25 00:00:00,,5+550
2024-08-25 00:00:00,,5+600
2024-08-25 00:00:00,,5+650
2024-08-25 00:00:00,,5+700
2024-08-25 00:00:00,,5+750
2024-08-25 00:00:00,,5+800
2024-08-25 00:00:00,,5+850
2024-08-25 00:00:00,,5+900
2024-08-25 00:00:00,,5+950
2024-08-25 00:00:00,,6+000
2024-08-25 00:00:00,1145.37,Barge
2024-08-25 00:00:00,1145.37,RD2
2024-08-25 00:00:00,1148.956,RD1
2024-08-25 00:00:00,1149.789,5+300
2024-08-25 00:00:00,1150.285,5+150
2024-08-25 00:00:00,1150.842,5+000
2024-08-25 00:00:00,1151.323,4+850
2024-08-25 00:00:00,1151.825,4+700
2024-08-25 00:00:00,1152.313,4+550
2024-08-25 00:00:00,1152.749,4+400
2024-08-25 00:00:00,1153.584,4+250
2024-08-25 00:00:00,1154.087,0+150
2024-08-25 00:00:00,1154.187,4+050
2024-08-25 00:00:00,1154.362,0+450
2024-08-25 00:00:00,1154.409,0+300
2024-08-25 00:00:00,1155.131,3+900
2024-08-25 00:00:00,1155.396,0+900
2024-08-25 00:00:00,1155.661,0+600
2024-08-25 00:00:00,1155.74,0+750
2024-08-25 00:00:00,1155.764,1+200
2024-08-25 00:00:00,1155.933,1+050
2024-08-25 00:00:00,1156.151,3+750
2024-08-25 00:00:00,1156.89,3+600
2024-08-25 00:00:00,1157.812,3+450
2024-08-25 00:00:00,1158.293,3+250
2024-08-25 00:00:00,1158.512,3+100
2024-08-25 00:00:00,1159.582,2+950
2024-08-25 00:00:00,1160.273,1+500
2024-08-25 00:00:00,1160.284,1+350
2024-08-25 00:00:00,1160.351,2+800
2024-08-25 00:00:00,1160.404,2+050
2024-08-25 00:00:00,1160.511,1+650
2024-08-25 00:00:00,1160.804,2+650
2024-08-25 00:00:00,1160.89,1+800
2024-08-25 00:00:00,1161.001,2+500
2024-08-25 00:00:00,1161.248,2+350
2024-08-25 00:00:00,1161.685,2+200
2024-09-01 00:00:00,,0+000
2024-09-01 00:00:00,,0+050
2024-09-01 00:00:00,,0+100
2024-09-01 00:00:00,,0+200
2024-09-01 00:00:00,,0+250
2024-09-01 00:00:00,,0+350
2024-09-01 00:00:00,,0+400
2024-09-01 00:00:00,,0+500
2024-09-01 00:00:00,,0+550
2024-09-01 00:00:00,,0+650
2024-09-01 00:00:00,,0+700
2024-09-01 00:00:00,,0+800
2024-09-01 00:00:00,,0+850
2024-09-01 00:00:00,,0+950
2024-09-01 00:00:00,,1+000
2024-09-01 00:00:00,,1+100
2024-09-01 00:00:00,,1+150
2024-09-01 00:00:00,,1+250
2024-09-01 00:00:00,,1+300
2024-09-01 00:00:00,,1+400
2024-09-01 00:00:00,,1+450
2024-09-01 00:00:00,,1+550
2024-09-01 00:00:00,,1+600
2024-09-01 00:00:00,,1+700
2024-09-01 00:00:00,,1+750
2024-09-01 00:00:00,,1+850
2024-09-01 00:00:00,,1+900
2024-09-01 00:00:00,,1+950
2024-09-01 00:00:00,,2+000
2024-09-01 00:00:00,,2+100
2024-09-01 00:00:00,,2+150
2024-09-01 00:00:00,,2+250
2024-09-01 00:00:00,,2+300
2024-09-01 00:00:00,,2+400
2024-09-01 00:00:00,,2+450
2024-09-01 00:00:00,,2+550
2024-09-01 00:00:00,,2+600
2024-09-01 00:00:00,,2+700
2024-09-01 00:00:00,,2+750
2024-09-01 00:00:00,,2+850
2024-09-01 00:00:00,,2+900
2024-09-01 00:00:00,,3+000
2024-09-01 00:00:00,,3+050
2024-09-01 00:00:00,,3+150
2024-09-01 00:00:00,,3+200
2024-09-01 00:00:00,,3+300
2024-09-01 00:00:00,,3+350
2024-09-01 00:00:00,,3+400
2024-09-01 00:00:00,,3+500
2024-09-01 00:00:00,,3+550
2024-09-01 00:00:00,,3+650
2024-09-01 00:00:00,,3+700
2024-09-01 00:00:00,,3+800
2024-09-01 00:00:00,,3+850
2024-09-01 00:00:00,,3+950
2024-09-01 00:00:00,,4+000
2024-09-01 00:00:00,,4+100
2024-09-01 00:00:00,,4+150
2024-09-01 00:00:00,,4+200
2024-09-01 00:00:00,,4+300
2024-09-01 00:00:00,,4+350
2024-09-01 00:00:00,,4+450
2024-09-01 00:00:00,,4+500
2024-09-01 00:00:00,,4+600
2024-09-01 00:00:00,,4+650
2024-09-01 00:00:00,,4+750
2024-09-01 00:00:00,,4+800
2024-09-01 00:00:00,,4+900
2024-09-01 00:00:00,,4+950
2024-09-01 00:00:00,,5+050
2024-09-01 00:00:00,,5+100
2024-09-01 00:00:00,,5+200
2024-09-01 00:00:00,,5+250
2024-09-01 00:00:00,,5+350
2024-09-01 00:00:00,,5+400
2024-09-01 00:00:00,,5+450
2024-09-01 00:00:00,,5+500
2024-09-01 00:00:00,,5+550
2024-09-01 00:00:00,,5+600
2024-09-01 00:00:00,,5+650
2024-09-01 00:00:00,,5+700
2024-09-01 00:00:00,,5+750
2024-09-01 00:00:00,,5+800
2024-09-01 00:00:00,,5+850
2024-09-01 00:00:00,,5+900
2024-09-01 00:00:00,,5+950
2024-09-01 00:00:00,,6+000
2024-09-01 00:00:00,1145.16,RD2
2024-09-01 00:00:00,1145.173,Barge
2024-09-01 00:00:00,1148.93,RD1
2024-09-01 00:00:00,1149.657,5+300
2024-09-01 00:00:00,1150.071,5+150
2024-09-01 00:00:00,1150.616,5+000
2024-09-01 00:00:00,1151.162,4+850
2024-09-01 00:00:00,1151.606,4+700
2024-09-01 00:00:00,1152.014,4+550
2024-09-01 00:00:00,1152.407,4+400
2024-09-01 00:00:00,1153.224,4+250
2024-09-01 00:00:00,1153.896,4+050
2024-09-01 00:00:00,1154.279,0+300
2024-09-01 00:00:00,1154.327,0+450
2024-09-01 00:00:00,1154.38,0+150
2024-09-01 00:00:00,1154.793,3+900
2024-09-01 00:00:00,1155.451,0+900
2024-09-01 00:00:00,1155.611,0+600
2024-09-01 00:00:00,1155.809,0+750
2024-09-01 00:00:00,1155.812,3+750
2024-09-01 00:00:00,1155.83,1+200
2024-09-01 00:00:00,1155.888,1+050
2024-09-01 00:00:00,1156.62,3+600
2024-09-01 00:00:00,1157.629,3+450
2024-09-01 00:00:00,1158.066,3+250
2024-09-01 00:00:00,1158.318,3+100
2024-09-01 00:00:00,1159.419,2+950
2024-09-01 00:00:00,1160.29,2+800
2024-09-01 00:00:00,1160.756,2+650
2024-09-01 00:00:00,1160.956,1+350
2024-09-01 00:00:00,1161.023,1+500
2024-09-01 00:00:00,1161.108,2+050
2024-09-01 00:00:00,1161.185,2+500
2024-09-01 00:00:00,1161.349,1+650
2024-09-01 00:00:00,1161.491,1+800
2024-09-01 00:00:00,1161.492,2+350
2024-09-01 00:00:00,1161.95,2+200
2024-09-08 00:00:00,,0+000
2024-09-08 00:00:00,,0+050
2024-09-08 00:00:00,,0+100
2024-09-08 00:00:00,,0+200
2024-09-08 00:00:00,,0+250
2024-09-08 00:00:00,,0+350
2024-09-08 00:00:00,,0+400
2024-09-08 00:00:00,,0+500
2024-09-08 00:00:00,,0+550
2024-09-08 00:00:00,,0+650
2024-09-08 00:00:00,,0+700
2024-09-08 00:00:00,,0+800
2024-09-08 00:00:00,,0+850
2024-09-08 00:00:00,,0+950
2024-09-08 00:00:00,,1+000
2024-09-08 00:00:00,,1+100
2024-09-08 00:00:00,,1+150
2024-09-08 00:00:00,,1+250
2024-09-08 00:00:00,,1+300
2024-09-08 00:00:00,,1+400
2024-09-08 00:00:00,,1+450
2024-09-08 00:00:00,,1+550
2024-09-08 00:00:00,,1+600
2024-09-08 00:00:00,,1+700
2024-09-08 00:00:00,,1+750
2024-09-08 00:00:00,,1+850
2024-09-08 00:00:00,,1+900
2024-09-08 00:00:00,,1+950
2024-09-08 00:00:00,,2+000
2024-09-08 00:00:00,,2+100
2024-09-08 00:00:00,,2+150
2024-09-08 00:00:00,,2+250
2024-09-08 00:00:00,,2+300
2024-09-08 00:00:00,,2+400
2024-09-08 00:00:00,,2+450
2024-09-08 00:00:00,,2+550
2024-09-08 00:00:00,,2+600
2024-09-08 00:00:00,,2+700
2024-09-08 00:00:00,,2+750
2024-09-08 00:00:00,,2+850
2024-09-08 00:00:00,,2+900
2024-09-08 00:00:00,,3+000
2024-09-08 00:00:00,,3+050
2024-09-08 00:00:00,,3+150
2024-09-08 00:00:00,,3+200
2024-09-08 00:00:00,,3+300
2024-09-08 00:00:00,,3+350
2024-09-08 00:00:00,,3+400
2024-09-08 00:00:00,,3+500
2024-09-08 00:00:00,,3+550
2024-09-08 00:00:00,,3+650
2024-09-08 00:00:00,,3+700
2024-09-08 00:00:00,,3+800
2024-09-08 00:00:00,,3+850
2024-09-08 00:00:00,,3+950
2024-09-08 00:00:00,,4+000
2024-09-08 00:00:00,,4+100
2024-09-08 00:00:00,,4+150
2024-09-08 00:00:00,,4+200
2024-09-08 00:00:00,,4+300
2024-09-08 00:00:00,,4+350
2024-09-08 00:00:00,,4+450
2024-09-08 00:00:00,,4+500
2024-09-08 00:00:00,,4+600
2024-09-08 00:00:00,,4+650
2024-09-08 00:00:00,,4+750
2024-09-08 00:00:00,,4+800
2024-09-08 00:00:00,,4+900
2024-09-08 00:00:00,,4+950
2024-09-08 00:00:00,,5+050
2024-09-08 00:00:00,,5+100
2024-09-08 00:00:00,,5+200
2024-09-08 00:00:00,,5+250
2024-09-08 00:00:00,,5+350
2024-09-08 00:00:00,,5+400
2024-09-08 00:00:00,,5+450
2024-09-08 00:00:00,,5+500
2024-09-08 00:00:00,,5+550
2024-09-08 00:00:00,,5+600
2024-09-08 00:00:00,,5+650
2024-09-08 00:00:00,,5+700
2024-09-08 00:00:00,,5+750
2024-09-08 00:00:00,,5+800
2024-09-08 00:00:00,,5+850
2024-09-08 00:00:00,,5+900
2024-09-08 00:00:00,,5+950
2024-09-08 00:00:00,,6+000
2024-09-08 00:00:00,1145.53,Barge
2024-09-08 00:00:00,1145.53,RD2
2024-09-08 00:00:00,1149.159,RD1
2024-09-08 00:00:00,1149.826,5+300
2024-09-08 00:00:00,1150.26,5+150
2024-09-08 00:00:00,1150.823,5+000
2024-09-08 00:00:00,1151.344,4+850
2024-09-08 00:00:00,1151.789,4+700
2024-09-08 00:00:00,1152.248,4+550
2024-09-08 00:00:00,1152.705,4+400
2024-09-08 00:00:00,1153.523,4+250
2024-09-08 00:00:00,1154.157,0+150
2024-09-08 00:00:00,1154.221,4+050
2024-09-08 00:00:00,1154.371,0+300
2024-09-08 00:00:00,1154.472,0+450
2024-09-08 00:00:00,1155.11,3+900
2024-09-08 00:00:00,1155.712,0+600
2024-09-08 00:00:00,1156.077,3+750
2024-09-08 00:00:00,1156.384,0+750
2024-09-08 00:00:00,1156.47,0+900
2024-09-08 00:00:00,1156.849,3+600
2024-09-08 00:00:00,1156.899,1+200
2024-09-08 00:00:00,1156.933,1+050
2024-09-08 00:00:00,1157.789,3+450
2024-09-08 00:00:00,1158.293,3+250
2024-09-08 00:00:00,1158.491,3+100
2024-09-08 00:00:00,1159.445,2+950
2024-09-08 00:00:00,1160.201,2+800
2024-09-08 00:00:00,1160.666,2+650
2024-09-08 00:00:00,1160.761,1+500
2024-09-08 00:00:00,1160.808,1+350
2024-09-08 00:00:00,1160.901,2+500
2024-09-08 00:00:00,1160.938,2+050
2024-09-08 00:00:00,1161.086,2+350
2024-09-08 00:00:00,1161.104,1+650
2024-09-08 00:00:00,1161.238,1+800
2024-09-08 00:00:00,1161.6,2+200
2024-09-15 00:00:00,,0+000
2024-09-15 00:00:00,,0+050
2024-09-15 00:00:00,,0+100
2024-09-15 00:00:00,,0+200
2024-09-15 00:00:00,,0+250
2024-09-15 00:00:00,,0+350
2024-09-15 00:00:00,,0+400
2024-09-15 00:00:00,,0+500
2024-09-15 00:00:00,,0+550
2024-09-15 00:00:00,,0+650
2024-09-15 00:00:00,,0+700
2024-09-15 00:00:00,,0+800
2024-09-15 00:00:00,,0+850
2024-09-15 00:00:00,,0+950
2024-09-15 00:00:00,,1+000
2024-09-15 00:00:00,,1+100
2024-09-15 00:00:00,,1+150
2024-09-15 00:00:00,,1+250
2024-09-15 00:00:00,,1+300
2024-09-15 00:00:00,,1+400
2024-09-15 00:00:00,,1+450
2024-09-15 00:00:00,,1+550
2024-09-15 00:00:00,,1+600
2024-09-15 00:00:00,,1+700
2024-09-15 00:00:00,,1+750
2024-09-15 00:00:00,,1+850
2024-09-15 00:00:00,,1+900
2024-09-15 00:00:00,,1+950
2024-09-15 00:00:00,,2+000
2024-09-15 00:00:00,,2+100
2024-09-15 00:00:00,,2+150
2024-09-15 00:00:00,,2+250
2024-09-15 00:00:00,,2+300
2024-09-15 00:00:00,,2+400
2024-09-15 00:00:00,,2+450
2024-09-15 00:00:00,,2+550
2024-09-15 00:00:00,,2+600
2024-09-15 00:00:00,,2+700
2024-09-15 00:00:00,,2+750
2024-09-15 00:00:00,,2+850
2024-09-15 00:00:00,,2+900
2024-09-15 00:00:00,,3+000
2024-09-15 00:00:00,,3+050
2024-09-15 00:00:00,,3+150
2024-09-15 00:00:00,,3+200
2024-09-15 00:00:00,,3+300
2024-09-15 00:00:00,,3+350
2024-09-15 00:00:00,,3+400
2024-09-15 00:00:00,,3+500
2024-09-15 00:00:00,,3+550
2024-09-15 00:00:00,,3+650
2024-09-15 00:00:00,,3+700
2024-09-15 00:00:00,,3+800
2024-09-15 00:00:00,,3+850
2024-09-15 00:00:00,,3+950
2024-09-15 00:00:00,,4+000
2024-09-15 00:00:00,,4+100
2024-09-15 00:00:00,,4+150
2024-09-15 00:00:00,,4+200
2024-09-15 00:00:00,,4+300
2024-09-15 00:00:00,,4+350
2024-09-15 00:00:00,,4+450
2024-09-15 00:00:00,,4+500
2024-09-15 00:00:00,,4+600
2024-09-15 00:00:00,,4+650
2024-09-15 00:00:00,,4+750
2024-09-15 00:00:00,,4+800
2024-09-15 00:00:00,,4+900
2024-09-15 00:00:00,,4+950
2024-09-15 00:00:00,,5+050
2024-09-15 00:00:00,,5+100
2024-09-15 00:00:00,,5+200
2024-09-15 00:00:00,,5+250
2024-09-15 00:00:00,,5+350
2024-09-15 00:00:00,,5+400
2024-09-15 00:00:00,,5+450
2024-09-15 00:00:00,,5+500
2024-09-15 00:00:00,,5+550
2024-09-15 00:00:00,,5+600
2024-09-15 00:00:00,,5+650
2024-09-15 00:00:00,,5+700
2024-09-15 00:00:00,,5+750
2024-09-15 00:00:00,,5+800
2024-09-15 00:00:00,,5+850
2024-09-15 00:00:00,,5+900
2024-09-15 00:00:00,,5+950
2024-09-15 00:00:00,,6+000
2024-09-15 00:00:00,1147.2,Barge
2024-09-15 00:00:00,1147.2,RD2
2024-09-15 00:00:00,1149.26,RD1
2024-09-15 00:00:00,1149.798,5+300
2024-09-15 00:00:00,1150.24,5+150
2024-09-15 00:00:00,1150.763,5+000
2024-09-15 00:00:00,1151.255,4+850
2024-09-15 00:00:00,1151.764,4+700
2024-09-15 00:00:00,1152.242,4+550
2024-09-15 00:00:00,1152.639,4+400
2024-09-15 00:00:00,1153.479,4+250
2024-09-15 00:00:00,1154.173,4+050
2024-09-15 00:00:00,1154.391,0+300
2024-09-15 00:00:00,1154.461,0+150
2024-09-15 00:00:00,1155.055,0+450
2024-09-15 00:00:00,1155.066,3+900
2024-09-15 00:00:00,1156.056,3+750
2024-09-15 00:00:00,1156.682,0+600
2024-09-15 00:00:00,1156.85,3+600
2024-09-15 00:00:00,1157.305,0+750
2024-09-15 00:00:00,1157.412,0+900
2024-09-15 00:00:00,1157.673,1+200
2024-09-15 00:00:00,1157.817,3+450
2024-09-15 00:00:00,1157.818,1+050
2024-09-15 00:00:00,1158.272,3+250
2024-09-15 00:00:00,1158.463,3+100
2024-09-15 00:00:00,1159.437,2+950
2024-09-15 00:00:00,1160.136,2+800
2024-09-15 00:00:00,1160.595,2+650
2024-09-15 00:00:00,1160.654,1+500
2024-09-15 00:00:00,1160.691,1+350
2024-09-15 00:00:00,1160.862,2+050
2024-09-15 00:00:00,1160.89,2+500
2024-09-15 00:00:00,1160.988,1+650
2024-09-15 00:00:00,1161.119,1+800
2024-09-15 00:00:00,1161.134,2+350
2024-09-15 00:00:00,1161.517,2+200
2024-09-22 00:00:00,,0+000
2024-09-22 00:00:00,,0+050
2024-09-22 00:00:00,,0+100
2024-09-22 00:00:00,,0+200
2024-09-22 00:00:00,,0+250
2024-09-22 00:00:00,,0+350
2024-09-22 00:00:00,,0+400
2024-09-22 00:00:00,,0+500
2024-09-22 00:00:00,,0+550
2024-09-22 00:00:00,,0+650
2024-09-22 00:00:00,,0+700
2024-09-22 00:00:00,,0+800
2024-09-22 00:00:00,,0+850
2024-09-22 00:00:00,,0+950
2024-09-22 00:00:00,,1+000
2024-09-22 00:00:00,,1+100
2024-09-22 00:00:00,,1+150
2024-09-22 00:00:00,,1+250
2024-09-22 00:00:00,,1+300
2024-09-22 00:00:00,,1+400
2024-09-22 00:00:00,,1+450
2024-09-22 00:00:00,,1+550
2024-09-22 00:00:00,,1+600
2024-09-22 00:00:00,,1+700
2024-09-22 00:00:00,,1+750
2024-09-22 00:00:00,,1+850
2024-09-22 00:00:00,,1+900
2024-09-22 00:00:00,,1+950
2024-09-22 00:00:00,,2+000
2024-09-22 00:00:00,,2+100
2024-09-22 00:00:00,,2+150
2024-09-22 00:00:00,,2+250
2024-09-22 00:00:00,,2+300
2024-09-22 00:00:00,,2+400
2024-09-22 00:00:00,,2+450
2024-09-22 00:00:00,,2+550
2024-09-22 00:00:00,,2+600
2024-09-22 00:00:00,,2+700
2024-09-22 00:00:00,,2+750
2024-09-22 00:00:00,,2+850
2024-09-22 00:00:00,,2+900
2024-09-22 00:00:00,,3+000
2024-09-22 00:00:00,,3+050
2024-09-22 00:00:00,,3+150
2024-09-22 00:00:00,,3+200
2024-09-22 00:00:00,,3+300
2024-09-22 00:00:00,,3+350
2024-09-22 00:00:00,,3+400
2024-09-22 00:00:00,,3+500
2024-09-22 00:00:00,,3+550
2024-09-22 00:00:00,,3+650
2024-09-22 00:00:00,,3+700
2024-09-22 00:00:00,,3+800
2024-09-22 00:00:00,,3+850
2024-09-22 00:00:00,,3+950
2024-09-22 00:00:00,,4+000
2024-09-22 00:00:00,,4+100
2024-09-22 00:00:00,,4+150
2024-09-22 00:00:00,,4+200
2024-09-22 00:00:00,,4+300
2024-09-22 00:00:00,,4+350
2024-09-22 00:00:00,,4+450
2024-09-22 00:00:00,,4+500
2024-09-22 00:00:00,,4+600
2024-09-22 00:00:00,,4+650
2024-09-22 00:00:00,,4+750
2024-09-22 00:00:00,,4+800
2024-09-22 00:00:00,,4+900
2024-09-22 00:00:00,,4+950
2024-09-22 00:00:00,,5+050
2024-09-22 00:00:00,,5+100
2024-09-22 00:00:00,,5+200
2024-09-22 00:00:00,,5+250
2024-09-22 00:00:00,,5+350
2024-09-22 00:00:00,,5+400
2024-09-22 00:00:00,,5+450
2024-09-22 00:00:00,,5+500
2024-09-22 00:00:00,,5+550
2024-09-22 00:00:00,,5+600
2024-09-22 00:00:00,,5+650
2024-09-22 00:00:00,,5+700
2024-09-22 00:00:00,,5+750
2024-09-22 00:00:00,,5+800
2024-09-22 00:00:00,,5+850
2024-09-22 00:00:00,,5+900
2024-09-22 00:00:00,,5+950
2024-09-22 00:00:00,,6+000
2024-09-22 00:00:00,1147.09,Barge
2024-09-22 00:00:00,1147.09,RD2
2024-09-22 00:00:00,1149.16,RD1
2024-09-22 00:00:00,1149.831,5+300
2024-09-22 00:00:00,1150.221,5+150
2024-09-22 00:00:00,1150.795,5+000
2024-09-22 00:00:00,1151.28,4+850
2024-09-22 00:00:00,1151.725,4+700
2024-09-22 00:00:00,1152.192,4+550
2024-09-22 00:00:00,1152.667,4+400
2024-09-22 00:00:00,1153.476,4+250
2024-09-22 00:00:00,1154.143,4+050
2024-09-22 00:00:00,1154.783,0+300
2024-09-22 00:00:00,1154.995,0+150
2024-09-22 00:00:00,1155.084,3+900
2024-09-22 00:00:00,1155.296,0+450
2024-09-22 00:00:00,1156.059,3+750
2024-09-22 00:00:00,1156.833,3+600
2024-09-22 00:00:00,1156.91,0+600
2024-09-22 00:00:00,1157.792,3+450
2024-09-22 00:00:00,1157.956,0+750
2024-09-22 00:00:00,1158.174,0+900
2024-09-22 00:00:00,1158.282,3+250
2024-09-22 00:00:00,1158.446,3+100
2024-09-22 00:00:00,1158.464,1+050
2024-09-22 00:00:00,1158.677,1+200
2024-09-22 00:00:00,1159.413,2+950
2024-09-22 00:00:00,1160.092,2+800
2024-09-22 00:00:00,1160.584,2+650
2024-09-22 00:00:00,1160.597,1+500
2024-09-22 00:00:00,1160.644,1+350
2024-09-22 00:00:00,1160.798,2+050
2024-09-22 00:00:00,1160.932,2+500
2024-09-22 00:00:00,1160.936,1+650
2024-09-22 00:00:00,1161.115,1+800
2024-09-22 00:00:00,1161.119,2+350
2024-09-22 00:00:00,1161.495,2+200
2024-09-29 00:00:00,,0+000
2024-09-29 00:00:00,,0+050
2024-09-29 00:00:00,,0+100
2024-09-29 00:00:00,,0+200
2024-09-29 00:00:00,,0+250
2024-09-29 00:00:00,,0+350
2024-09-29 00:00:00,,0+400
2024-09-29 00:00:00,,0+500
2024-09-29 00:00:00,,0+550
2024-09-29 00:00:00,,0+650
2024-09-29 00:00:00,,0+700
2024-09-29 00:00:00,,0+800
2024-09-29 00:00:00,,0+850
2024-09-29 00:00:00,,0+950
2024-09-29 00:00:00,,1+000
2024-09-29 00:00:00,,1+100
2024-09-29 00:00:00,,1+150
2024-09-29 00:00:00,,1+250
2024-09-29 00:00:00,,1+300
2024-09-29 00:00:00,,1+400
2024-09-29 00:00:00,,1+450
2024-09-29 00:00:00,,1+550
2024-09-29 00:00:00,,1+600
2024-09-29 00:00:00,,1+700
2024-09-29 00:00:00,,1+750
2024-09-29 00:00:00,,1+850
2024-09-29 00:00:00,,1+900
2024-09-29 00:00:00,,1+950
2024-09-29 00:00:00,,2+000
2024-09-29 00:00:00,,2+100
2024-09-29 00:00:00,,2+150
2024-09-29 00:00:00,,2+250
2024-09-29 00:00:00,,2+300
2024-09-29 00:00:00,,2+400
2024-09-29 00:00:00,,2+450
2024-09-29 00:00:00,,2+550
2024-09-29 00:00:00,,2+600
2024-09-29 00:00:00,,2+700
2024-09-29 00:00:00,,2+750
2024-09-29 00:00:00,,2+850
2024-09-29 00:00:00,,2+900
2024-09-29 00:00:00,,3+000
2024-09-29 00:00:00,,3+050
2024-09-29 00:00:00,,3+150
2024-09-29 00:00:00,,3+200
2024-09-29 00:00:00,,3+300
2024-09-29 00:00:00,,3+350
2024-09-29 00:00:00,,3+400
2024-09-29 00:00:00,,3+500
2024-09-29 00:00:00,,3+550
2024-09-29 00:00:00,,3+650
2024-09-29 00:00:00,,3+700
2024-09-29 00:00:00,,3+800
2024-09-29 00:00:00,,3+850
2024-09-29 00:00:00,,3+950
2024-09-29 00:00:00,,4+000
2024-09-29 00:00:00,,4+100
2024-09-29 00:00:00,,4+150
2024-09-29 00:00:00,,4+200
2024-09-29 00:00:00,,4+300
2024-09-29 00:00:00,,4+350
2024-09-29 00:00:00,,4+450
2024-09-29 00:00:00,,4+500
2024-09-29 00:00:00,,4+600
2024-09-29 00:00:00,,4+650
2024-09-29 00:00:00,,4+750
2024-09-29 00:00:00,,4+800
2024-09-29 00:00:00,,4+900
2024-09-29 00:00:00,,4+950
2024-09-29 00:00:00,,5+050
2024-09-29 00:00:00,,5+100
2024-09-29 00:00:00,,5+200
2024-09-29 00:00:00,,5+250
2024-09-29 00:00:00,,5+350
2024-09-29 00:00:00,,5+400
2024-09-29 00:00:00,,5+450
2024-09-29 00:00:00,,5+500
2024-09-29 00:00:00,,5+550
2024-09-29 00:00:00,,5+600
2024-09-29 00:00:00,,5+650
2024-09-29 00:00:00,,5+700
2024-09-29 00:00:00,,5+750
2024-09-29 00:00:00,,5+800
2024-09-29 00:00:00,,5+850
2024-09-29 00:00:00,,5+900
2024-09-29 00:00:00,,5+950
2024-09-29 00:00:00,,6+000
2024-09-29 00:00:00,1146.521,RD2
2024-09-29 00:00:00,1147.09,Barge
2024-09-29 00:00:00,1149.17,RD1
2024-09-29 00:00:00,1149.871,5+300
2024-09-29 00:00:00,1150.259,5+150
2024-09-29 00:00:00,1150.751,5+000
2024-09-29 00:00:00,1151.318,4+850
2024-09-29 00:00:00,1151.749,4+700
2024-09-29 00:00:00,1152.171,4+550
2024-09-29 00:00:00,1152.666,4+400
2024-09-29 00:00:00,1153.509,4+250
2024-09-29 00:00:00,1154.186,4+050
2024-09-29 00:00:00,1154.454,0+150
2024-09-29 00:00:00,1154.674,0+300
2024-09-29 00:00:00,1155.109,3+900
2024-09-29 00:00:00,1156.031,0+450
2024-09-29 00:00:00,1156.071,3+750
2024-09-29 00:00:00,1156.862,3+600
2024-09-29 00:00:00,1157.554,0+600
2024-09-29 00:00:00,1157.802,3+450
2024-09-29 00:00:00,1158.291,3+250
2024-09-29 00:00:00,1158.358,0+750
2024-09-29 00:00:00,1158.488,3+100
2024-09-29 00:00:00,1158.69,0+900
2024-09-29 00:00:00,1158.969,1+050
2024-09-29 00:00:00,1159.16,1+200
2024-09-29 00:00:00,1159.416,2+950
2024-09-29 00:00:00,1160.059,2+800
2024-09-29 00:00:00,1160.555,2+650
2024-09-29 00:00:00,1160.594,1+350
2024-09-29 00:00:00,1160.607,1+500
2024-09-29 00:00:00,1160.703,2+050
2024-09-29 00:00:00,1160.838,2+500
2024-09-29 00:00:00,1160.914,1+650
2024-09-29 00:00:00,1161.063,1+800
2024-09-29 00:00:00,1161.078,2+350
2024-09-29 00:00:00,1161.446,2+200
2024-10-06 00:00:00,,0+000
2024-10-06 00:00:00,,0+050
2024-10-06 00:00:00,,0+100
2024-10-06 00:00:00,,0+200
2024-10-06 00:00:00,,0+250
2024-10-06 00:00:00,,0+350
2024-10-06 00:00:00,,0+400
2024-10-06 00:00:00,,0+500
2024-10-06 00:00:00,,0+550
2024-10-06 00:00:00,,0+650
2024-10-06 00:00:00,,0+700
2024-10-06 00:00:00,,0+800
2024-10-06 00:00:00,,0+850
2024-10-06 00:00:00,,0+950
2024-10-06 00:00:00,,1+000
2024-10-06 00:00:00,,1+100
2024-10-06 00:00:00,,1+150
2024-10-06 00:00:00,,1+250
2024-10-06 00:00:00,,1+300
2024-10-06 00:00:00,,1+400
2024-10-06 00:00:00,,1+450
2024-10-06 00:00:00,,1+550
2024-10-06 00:00:00,,1+600
2024-10-06 00:00:00,,1+700
2024-10-06 00:00:00,,1+750
2024-10-06 00:00:00,,1+850
2024-10-06 00:00:00,,1+900
2024-10-06 00:00:00,,1+950
2024-10-06 00:00:00,,2+000
2024-10-06 00:00:00,,2+100
2024-10-06 00:00:00,,2+150
2024-10-06 00:00:00,,2+250
2024-10-06 00:00:00,,2+300
2024-10-06 00:00:00,,2+400
2024-10-06 00:00:00,,2+450
2024-10-06 00:00:00,,2+550
2024-10-06 00:00:00,,2+600
2024-10-06 00:00:00,,2+700
2024-10-06 00:00:00,,2+750
2024-10-06 00:00:00,,2+850
2024-10-06 00:00:00,,2+900
2024-10-06 00:00:00,,3+000
2024-10-06 00:00:00,,3+050
2024-10-06 00:00:00,,3+150
2024-10-06 00:00:00,,3+200
2024-10-06 00:00:00,,3+300
2024-10-06 00:00:00,,3+350
2024-10-06 00:00:00,,3+400
2024-10-06 00:00:00,,3+500
2024-10-06 00:00:00,,3+550
2024-10-06 00:00:00,,3+650
2024-10-06 00:00:00,,3+700
2024-10-06 00:00:00,,3+800
2024-10-06 00:00:00,,3+850
2024-10-06 00:00:00,,3+950
2024-10-06 00:00:00,,4+000
2024-10-06 00:00:00,,4+100
2024-10-06 00:00:00,,4+150
2024-10-06 00:00:00,,4+200
2024-10-06 00:00:00,,4+300
2024-10-06 00:00:00,,4+350
2024-10-06 00:00:00,,4+450
2024-10-06 00:00:00,,4+500
2024-10-06 00:00:00,,4+600
2024-10-06 00:00:00,,4+650
2024-10-06 00:00:00,,4+750
2024-10-06 00:00:00,,4+800
2024-10-06 00:00:00,,4+900
2024-10-06 00:00:00,,4+950
2024-10-06 00:00:00,,5+050
2024-10-06 00:00:00,,5+100
2024-10-06 00:00:00,,5+200
2024-10-06 00:00:00,,5+250
2024-10-06 00:00:00,,5+350
2024-10-06 00:00:00,,5+400
2024-10-06 00:00:00,,5+450
2024-10-06 00:00:00,,5+500
2024-10-06 00:00:00,,5+550
2024-10-06 00:00:00,,5+600
2024-10-06 00:00:00,,5+650
2024-10-06 00:00:00,,5+700
2024-10-06 00:00:00,,5+750
2024-10-06 00:00:00,,5+800
2024-10-06 00:00:00,,5+850
2024-10-06 00:00:00,,5+900
2024-10-06 00:00:00,,5+950
2024-10-06 00:00:00,,6+000
2024-10-06 00:00:00,1147.31,Barge
2024-10-06 00:00:00,1147.31,RD2
2024-10-06 00:00:00,1149.67,RD1
2024-10-06 00:00:00,1149.821,5+300
2024-10-06 00:00:00,1150.218,5+150
2024-10-06 00:00:00,1150.777,5+000
2024-10-06 00:00:00,1151.277,4+850
2024-10-06 00:00:00,1151.737,4+700
2024-10-06 00:00:00,1152.17,4+550
2024-10-06 00:00:00,1152.654,4+400
2024-10-06 00:00:00,1153.513,4+250
2024-10-06 00:00:00,1154.221,4+050
2024-10-06 00:00:00,1155.103,3+900
2024-10-06 00:00:00,1155.129,0+150
2024-10-06 00:00:00,1155.37,0+300
2024-10-06 00:00:00,1156.038,3+750
2024-10-06 00:00:00,1156.877,3+600
2024-10-06 00:00:00,1156.937,0+450
2024-10-06 00:00:00,1157.711,0+600
2024-10-06 00:00:00,1157.799,3+450
2024-10-06 00:00:00,1158.251,3+250
2024-10-06 00:00:00,1158.481,3+100
2024-10-06 00:00:00,1158.564,0+750
2024-10-06 00:00:00,1158.702,0+900
2024-10-06 00:00:00,1159.161,1+200
2024-10-06 00:00:00,1159.246,1+050
2024-10-06 00:00:00,1159.375,2+950
2024-10-06 00:00:00,1160.002,2+800
2024-10-06 00:00:00,1160.525,1+350
2024-10-06 00:00:00,1160.526,1+500
2024-10-06 00:00:00,1160.531,2+650
2024-10-06 00:00:00,1160.682,2+050
2024-10-06 00:00:00,1160.829,1+650
2024-10-06 00:00:00,1160.832,2+500
2024-10-06 00:00:00,1160.923,1+800
2024-10-06 00:00:00,1161.092,2+350
2024-10-06 00:00:00,1161.385,2+200
2024-10-13 00:00:00,,0+000
2024-10-13 00:00:00,,0+050
2024-10-13 00:00:00,,0+100
2024-10-13 00:00:00,,0+200
2024-10-13 00:00:00,,0+250
2024-10-13 00:00:00,,0+350
2024-10-13 00:00:00,,0+400
2024-10-13 00:00:00,,0+500
2024-10-13 00:00:00,,0+550
2024-10-13 00:00:00,,0+650
2024-10-13 00:00:00,,0+700
2024-10-13 00:00:00,,0+800
2024-10-13 00:00:00,,0+850
2024-10-13 00:00:00,,0+950
2024-10-13 00:00:00,,1+000
2024-10-13 00:00:00,,1+100
2024-10-13 00:00:00,,1+150
2024-10-13 00:00:00,,1+250
2024-10-13 00:00:00,,1+300
2024-10-13 00:00:00,,1+400
2024-10-13 00:00:00,,1+450
2024-10-13 00:00:00,,1+550
2024-10-13 00:00:00,,1+600
2024-10-13 00:00:00,,1+700
2024-10-13 00:00:00,,1+750
2024-10-13 00:00:00,,1+850
2024-10-13 00:00:00,,1+900
2024-10-13 00:00:00,,1+950
2024-10-13 00:00:00,,2+000
2024-10-13 00:00:00,,2+100
2024-10-13 00:00:00,,2+150
2024-10-13 00:00:00,,2+250
2024-10-13 00:00:00,,2+300
2024-10-13 00:00:00,,2+400
2024-10-13 00:00:00,,2+450
2024-10-13 00:00:00,,2+550
2024-10-13 00:00:00,,2+600
2024-10-13 00:00:00,,2+700
2024-10-13 00:00:00,,2+750
2024-10-13 00:00:00,,2+850
2024-10-13 00:00:00,,2+900
2024-10-13 00:00:00,,3+000
2024-10-13 00:00:00,,3+050
2024-10-13 00:00:00,,3+150
2024-10-13 00:00:00,,3+200
2024-10-13 00:00:00,,3+300
2024-10-13 00:00:00,,3+350
2024-10-13 00:00:00,,3+400
2024-10-13 00:00:00,,3+500
2024-10-13 00:00:00,,3+550
2024-10-13 00:00:00,,3+650
2024-10-13 00:00:00,,3+700
2024-10-13 00:00:00,,3+800
2024-10-13 00:00:00,,3+850
2024-10-13 00:00:00,,3+950
2024-10-13 00:00:00,,4+000
2024-10-13 00:00:00,,4+100
2024-10-13 00:00:00,,4+150
2024-10-13 00:00:00,,4+200
2024-10-13 00:00:00,,4+300
2024-10-13 00:00:00,,4+350
2024-10-13 00:00:00,,4+450
2024-10-13 00:00:00,,4+500
2024-10-13 00:00:00,,4+600
2024-10-13 00:00:00,,4+650
2024-10-13 00:00:00,,4+750
2024-10-13 00:00:00,,4+800
2024-10-13 00:00:00,,4+900
2024-10-13 00:00:00,,4+950
2024-10-13 00:00:00,,5+050
2024-10-13 00:00:00,,5+100
2024-10-13 00:00:00,,5+200
2024-10-13 00:00:00,,5+250
2024-10-13 00:00:00,,5+350
2024-10-13 00:00:00,,5+400
2024-10-13 00:00:00,,5+450
2024-10-13 00:00:00,,5+500
2024-10-13 00:00:00,,5+550
2024-10-13 00:00:00,,5+600
2024-10-13 00:00:00,,5+650
2024-10-13 00:00:00,,5+700
2024-10-13 00:00:00,,5+750
2024-10-13 00:00:00,,5+800
2024-10-13 00:00:00,,5+850
2024-10-13 00:00:00,,5+900
2024-10-13 00:00:00,,5+950
2024-10-13 00:00:00,,6+000
2024-10-13 00:00:00,1147.08,Barge
2024-10-13 00:00:00,1147.08,RD2
2024-10-13 00:00:00,1149.76,RD1
2024-10-13 00:00:00,1149.813,5+300
2024-10-13 00:00:00,1150.194,5+150
2024-10-13 00:00:00,1150.765,5+000
2024-10-13 00:00:00,1151.292,4+850
2024-10-13 00:00:00,1151.756,4+700
2024-10-13 00:00:00,1152.237,4+550
2024-10-13 00:00:00,1152.682,4+400
2024-10-13 00:00:00,1153.485,4+250
2024-10-13 00:00:00,1154.184,4+050
2024-10-13 00:00:00,1155.132,3+900
2024-10-13 00:00:00,1156.064,3+750
2024-10-13 00:00:00,1156.295,0+150
2024-10-13 00:00:00,1156.715,0+300
2024-10-13 00:00:00,1156.811,3+600
2024-10-13 00:00:00,1157.766,0+450
2024-10-13 00:00:00,1157.822,3+450
2024-10-13 00:00:00,1158.253,3+250
2024-10-13 00:00:00,1158.464,0+600
2024-10-13 00:00:00,1158.475,3+100
2024-10-13 00:00:00,1158.505,0+750
2024-10-13 00:00:00,1158.627,0+900
2024-10-13 00:00:00,1159.044,1+200
2024-10-13 00:00:00,1159.199,1+050
2024-10-13 00:00:00,1159.395,2+950
2024-10-13 00:00:00,1160.006,2+800
2024-10-13 00:00:00,1160.516,1+500
2024-10-13 00:00:00,1160.517,2+650
2024-10-13 00:00:00,1160.596,1+350
2024-10-13 00:00:00,1160.68,2+050
2024-10-13 00:00:00,1160.796,2+500
2024-10-13 00:00:00,1160.873,1+650
2024-10-13 00:00:00,1160.942,1+800
2024-10-13 00:00:00,1161.024,2+350
2024-10-13 00:00:00,1161.408,2+200
2024-10-20 00:00:00,,0+000
2024-10-20 00:00:00,,0+050
2024-10-20 00:00:00,,0+100
2024-10-20 00:00:00,,0+200
2024-10-20 00:00:00,,0+250
2024-10-20 00:00:00,,0+350
2024-10-20 00:00:00,,0+400
2024-10-20 00:00:00,,0+500
2024-10-20 00:00:00,,0+550
2024-10-20 00:00:00,,0+650
2024-10-20 00:00:00,,0+700
2024-10-20 00:00:00,,0+800
2024-10-20 00:00:00,,0+850
2024-10-20 00:00:00,,0+950
2024-10-20 00:00:00,,1+000
2024-10-20 00:00:00,,1+100
2024-10-20 00:00:00,,1+150
2024-10-20 00:00:00,,1+250
2024-10-20 00:00:00,,1+300
2024-10-20 00:00:00,,1+400
2024-10-20 00:00:00,,1+450
2024-10-20 00:00:00,,1+550
2024-10-20 00:00:00,,1+600
2024-10-20 00:00:00,,1+700
2024-10-20 00:00:00,,1+750
2024-10-20 00:00:00,,1+850
2024-10-20 00:00:00,,1+900
2024-10-20 00:00:00,,1+950
2024-10-20 00:00:00,,2+000
2024-10-20 00:00:00,,2+100
2024-10-20 00:00:00,,2+150
2024-10-20 00:00:00,,2+250
2024-10-20 00:00:00,,2+300
2024-10-20 00:00:00,,2+400
2024-10-20 00:00:00,,2+450
2024-10-20 00:00:00,,2+550
2024-10-20 00:00:00,,2+600
2024-10-20 00:00:00,,2+700
2024-10-20 00:00:00,,2+750
2024-10-20 00:00:00,,2+850
2024-10-20 00:00:00,,2+900
2024-10-20 00:00:00,,3+000
2024-10-20 00:00:00,,3+050
2024-10-20 00:00:00,,3+150
2024-10-20 00:00:00,,3+200
2024-10-20 00:00:00,,3+300
2024-10-20 00:00:00,,3+350
2024-10-20 00:00:00,,3+400
2024-10-20 00:00:00,,3+500
2024-10-20 00:00:00,,3+550
2024-10-20 00:00:00,,3+650
2024-10-20 00:00:00,,3+700
2024-10-20 00:00:00,,3+800
2024-10-20 00:00:00,,3+850
2024-10-20 00:00:00,,3+950
2024-10-20 00:00:00,,4+000
2024-10-20 00:00:00,,4+100
2024-10-20 00:00:00,,4+150
2024-10-20 00:00:00,,4+200
2024-10-20 00:00:00,,4+300
2024-10-20 00:00:00,,4+350
2024-10-20 00:00:00,,4+450
2024-10-20 00:00:00,,4+500
2024-10-20 00:00:00,,4+600
2024-10-20 00:00:00,,4+650
2024-10-20 00:00:00,,4+750
2024-10-20 00:00:00,,4+800
2024-10-20 00:00:00,,4+900
2024-10-20 00:00:00,,4+950
2024-10-20 00:00:00,,5+050
2024-10-20 00:00:00,,5+100
2024-10-20 00:00:00,,5+200
2024-10-20 00:00:00,,5+250
2024-10-20 00:00:00,,5+350
2024-10-20 00:00:00,,5+400
2024-10-20 00:00:00,,5+450
2024-10-20 00:00:00,,5+500
2024-10-20 00:00:00,,5+550
2024-10-20 00:00:00,,5+600
2024-10-20 00:00:00,,5+650
2024-10-20 00:00:00,,5+700
2024-10-20 00:00:00,,5+750
2024-10-20 00:00:00,,5+800
2024-10-20 00:00:00,,5+850
2024-10-20 00:00:00,,5+900
2024-10-20 00:00:00,,5+950
2024-10-20 00:00:00,,6+000
2024-10-20 00:00:00,1146.71,Barge
2024-10-20 00:00:00,1146.71,RD2
2024-10-20 00:00:00,1149.91,5+300
2024-10-20 00:00:00,1149.91,RD1
2024-10-20 00:00:00,1150.202,5+150
2024-10-20 00:00:00,1150.747,5+000
2024-10-20 00:00:00,1151.296,4+850
2024-10-20 00:00:00,1151.757,4+700
2024-10-20 00:00:00,1152.217,4+550
2024-10-20 00:00:00,1152.645,4+400
2024-10-20 00:00:00,1153.472,4+250
2024-10-20 00:00:00,1154.207,4+050
2024-10-20 00:00:00,1155.091,3+900
2024-10-20 00:00:00,1156.028,3+750
2024-10-20 00:00:00,1156.823,3+600
2024-10-20 00:00:00,1157.34,0+150
2024-10-20 00:00:00,1157.665,0+300
2024-10-20 00:00:00,1157.802,3+450
2024-10-20 00:00:00,1158.215,3+250
2024-10-20 00:00:00,1158.375,0+750
2024-10-20 00:00:00,1158.432,3+100
2024-10-20 00:00:00,1158.499,0+450
2024-10-20 00:00:00,1158.54,0+900
2024-10-20 00:00:00,1158.909,1+200
2024-10-20 00:00:00,1158.974,0+600
2024-10-20 00:00:00,1159.053,1+050
2024-10-20 00:00:00,1159.386,2+950
2024-10-20 00:00:00,1159.96,2+800
2024-10-20 00:00:00,1160.45,2+650
2024-10-20 00:00:00,1160.468,1+500
2024-10-20 00:00:00,1160.525,1+350
2024-10-20 00:00:00,1160.608,2+050
2024-10-20 00:00:00,1160.778,1+650
2024-10-20 00:00:00,1160.789,2+500
2024-10-20 00:00:00,1160.889,1+800
2024-10-20 00:00:00,1161.008,2+350
2024-10-20 00:00:00,1161.374,2+200
