Date,Drillhole_USC,Average of Daily rainfall,Average of Total Head
2024-07-11 00:00:00,BH21-P60_CH,,1150.911879023205
2024-07-11 00:00:00,BH21-P60_GP-GC,,1156.15413784932
2024-07-11 00:00:00,P42_CH,,1161.73769292235
2024-07-11 00:00:00,P42_CL,,1156.68231183458
2024-07-11 00:00:00,P42_SC,,1157.673929715
2024-07-11 00:00:00,P47_CH,,1146.67241893646
2024-07-11 00:00:00,P47_SC,,1154.61926652551
2024-07-11 00:00:00,P59_CL,,1154.72939861433
2024-07-11 00:00:00,P59_SC,,1156.54476036631
2024-07-11 00:00:00,P59_SM,,1153.86449944821
2024-07-12 00:00:00,BH21-P60_CH,,1150.90214837935
2024-07-12 00:00:00,BH21-P60_GP-GC,,1156.13687502563
2024-07-12 00:00:00,P42_CH,,1161.60367409337
2024-07-12 00:00:00,P42_CL,,1156.57334054073
2024-07-12 00:00:00,P42_SC,,1157.68439653483
2024-07-12 00:00:00,P47_CH,,1146.66454040037
2024-07-12 00:00:00,P47_SC,,1154.60268013306
2024-07-12 00:00:00,P59_CL,,1154.71030495294
2024-07-12 00:00:00,P59_SC,,1156.52683056237
2024-07-12 00:00:00,P59_SM,,1153.85045033127
2024-07-13 00:00:00,BH21-P60_CH,,1150.89596026904
2024-07-13 00:00:00,BH21-P60_GP-GC,,1156.13683278373
2024-07-13 00:00:00,P42_CH,,1161.67674432323
2024-07-13 00:00:00,P42_CL,,1156.66480378572
2024-07-13 00:00:00,P42_SC,,1157.72812064621
2024-07-13 00:00:00,P47_CH,,1146.65578645682
2024-07-13 00:00:00,P47_SC,,1154.60528253942
2024-07-13 00:00:00,P59_CL,,1154.71786350442
2024-07-13 00:00:00,P59_SC,,1156.52974795896
2024-07-13 00:00:00,P59_SM,,1153.85806965251
2024-07-14 00:00:00,BH21-P60_CH,,1150.91647594181
2024-07-14 00:00:00,BH21-P60_GP-GC,,1156.17370980851
2024-07-14 00:00:00,P42_CH,,1161.69150761479
2024-07-14 00:00:00,P42_CL,,1156.63706366668
2024-07-14 00:00:00,P42_SC,,1157.70178492364
2024-07-14 00:00:00,P47_CH,,1146.68273604829
2024-07-14 00:00:00,P47_SC,,1154.64381676933
2024-07-14 00:00:00,P59_CL,,1154.76461083907
2024-07-14 00:00:00,P59_SC,,1156.57168533026
2024-07-14 00:00:00,P59_SM,,1153.90044181671
2024-07-15 00:00:00,BH21-P60_CH,,1150.930303779795
2024-07-15 00:00:00,BH21-P60_GP-GC,,1156.20082879295
2024-07-15 00:00:00,P42_CH,,1161.68455680905
2024-07-15 00:00:00,P42_CL,,1156.63780264675
2024-07-15 00:00:00,P42_SC,,1157.77443299059
2024-07-15 00:00:00,P47_CH,,1146.70393295673
2024-07-15 00:00:00,P47_SC,,1154.66799061803
2024-07-15 00:00:00,P59_CL,,1154.83837332382
2024-07-15 00:00:00,P59_SC,,1156.63532000155
2024-07-15 00:00:00,P59_SM,,1153.97505817586
2024-07-16 00:00:00,BH21-P60_CH,,1150.976269283285
2024-07-16 00:00:00,BH21-P60_GP-GC,,1156.3065996431
2024-07-16 00:00:00,P42_CH,,1161.80294914782
2024-07-16 00:00:00,P42_CL,,1156.7953740756
2024-07-16 00:00:00,P42_SC,,1158.29116157711
2024-07-16 00:00:00,P47_CH,,1146.88788583531
2024-07-16 00:00:00,P47_SC,,1154.77913828913
2024-07-16 00:00:00,P59_CL,,1154.93377675681
2024-07-16 00:00:00,P59_SC,,1156.71873660937
2024-07-16 00:00:00,P59_SM,,1154.06722563024
2024-07-17 00:00:00,BH21-P60_CH,,1150.980840993895
2024-07-17 00:00:00,BH21-P60_GP-GC,,1156.29285746486
2024-07-17 00:00:00,P42_CH,,1161.85430344274
2024-07-17 00:00:00,P42_CL,,1156.79804570933
2024-07-17 00:00:00,P42_SC,,1158.34709159208
2024-07-17 00:00:00,P47_CH,,1146.86640834124
2024-07-17 00:00:00,P47_SC,,1154.75847665509
2024-07-17 00:00:00,P59_CL,,1154.84672084016
2024-07-17 00:00:00,P59_SC,,1156.65625786445
2024-07-17 00:00:00,P59_SM,,1153.9838024409
2024-07-18 00:00:00,BH21-P60_CH,,1150.982245954375
2024-07-18 00:00:00,BH21-P60_GP-GC,,1156.27025880762
2024-07-18 00:00:00,P42_CH,,1161.83597908768
2024-07-18 00:00:00,P42_CL,,1156.80407109212
2024-07-18 00:00:00,P42_SC,,1158.22757857437
2024-07-18 00:00:00,P47_CH,,1146.80066225122
2024-07-18 00:00:00,P47_SC,,1154.73192049941
2024-07-18 00:00:00,P59_CL,,1154.79578552848
2024-07-18 00:00:00,P59_SC,,1156.61869727611
2024-07-18 00:00:00,P59_SM,,1153.93339406345
2024-07-19 00:00:00,BH21-P60_CH,,1150.95415848798
2024-07-19 00:00:00,BH21-P60_GP-GC,,1156.21400805062
2024-07-19 00:00:00,P42_CH,,1161.80030674451
2024-07-19 00:00:00,P42_CL,,1156.78588124078
2024-07-19 00:00:00,P42_SC,,1158.04430970892
2024-07-19 00:00:00,P47_CH,,1146.7067154351
2024-07-19 00:00:00,P47_SC,,1154.67338346721
2024-07-19 00:00:00,P59_CL,,1154.74096404473
2024-07-19 00:00:00,P59_SC,,1156.56901107453
2024-07-19 00:00:00,P59_SM,,1153.87076848912
2024-07-20 00:00:00,BH21-P60_CH,,1150.9417020834949
2024-07-20 00:00:00,BH21-P60_GP-GC,,1156.19187363324
2024-07-20 00:00:00,P42_CH,,1161.69409262307
2024-07-20 00:00:00,P42_CL,,1156.69180481599
2024-07-20 00:00:00,P42_SC,,1157.94572386474
2024-07-20 00:00:00,P47_CH,,1146.64371849525
2024-07-20 00:00:00,P47_SC,,1154.65134171833
2024-07-20 00:00:00,P59_CL,,1154.72921648129
2024-07-20 00:00:00,P59_SC,,1156.55333018008
2024-07-20 00:00:00,P59_SM,,1153.85199348611
2024-07-21 00:00:00,BH21-P60_CH,,1150.9448724885751
2024-07-21 00:00:00,BH21-P60_GP-GC,,1156.21495143611
2024-07-21 00:00:00,P42_CH,,1161.69150761479
2024-07-21 00:00:00,P42_CL,,1156.65087689603
2024-07-21 00:00:00,P42_SC,,1157.9229341136
2024-07-21 00:00:00,P47_CH,,1146.63849737332
2024-07-21 00:00:00,P47_SC,,1154.67902713886
2024-07-21 00:00:00,P59_CL,,1154.78100262578
2024-07-21 00:00:00,P59_SC,,1156.59031390934
2024-07-21 00:00:00,P59_SM,,1153.90426750605
2024-07-22 00:00:00,BH21-P60_CH,,1150.925731960225
2024-07-22 00:00:00,BH21-P60_GP-GC,,1156.21716205501
2024-07-22 00:00:00,P42_CH,,1161.75934933915
2024-07-22 00:00:00,P42_CL,,1156.71363293786
2024-07-22 00:00:00,P42_SC,,1158.00328872805
2024-07-22 00:00:00,P47_CH,,1146.64568813864
2024-07-22 00:00:00,P47_SC,,1154.68021857964
2024-07-22 00:00:00,P59_CL,,1154.78327925724
2024-07-22 00:00:00,P59_SC,,1156.59076974638
2024-07-22 00:00:00,P59_SM,,1153.90343164146
2024-07-23 00:00:00,BH21-P60_CH,,1150.9888466080201
2024-07-23 00:00:00,BH21-P60_GP-GC,,1156.38899546934
2024-07-23 00:00:00,P42_CH,,1161.81604625953
2024-07-23 00:00:00,P42_CL,,1156.7832096022
2024-07-23 00:00:00,P42_SC,,1159.00403588295
2024-07-23 00:00:00,P47_CH,,1146.96697974171
2024-07-23 00:00:00,P47_SC,,1154.8689947852
2024-07-23 00:00:00,P59_CL,,1155.03476277006
2024-07-23 00:00:00,P59_SC,,1156.76282980354
2024-07-23 00:00:00,P59_SM,,1154.15656206906
2024-07-24 00:00:00,BH21-P60_CH,,1151.0734461289098
2024-07-24 00:00:00,BH21-P60_GP-GC,,1156.54084351016
2024-07-24 00:00:00,P42_CH,,1161.95861904434
2024-07-24 00:00:00,P42_CL,,1156.96152493113
2024-07-24 00:00:00,P42_SC,,1159.40235581863
2024-07-24 00:00:00,P47_CH,,1147.09374622003
2024-07-24 00:00:00,P47_SC,,1155.01578325609
2024-07-24 00:00:00,P59_CL,,1154.91577686467
2024-07-24 00:00:00,P59_SC,,1156.72210970809
2024-07-24 00:00:00,P59_SM,,1154.03276354389
2024-07-25 00:00:00,BH21-P60_CH,,1151.147910763905
2024-07-25 00:00:00,BH21-P60_GP-GC,,1156.64273426437
2024-07-25 00:00:00,P42_CH,,1162.13329752081
2024-07-25 00:00:00,P42_CL,,1157.03200848443
2024-07-25 00:00:00,P42_SC,,1159.80886422678
2024-07-25 00:00:00,P47_CH,,1147.44301735591
2024-07-25 00:00:00,P47_SC,,1155.10528961934
2024-07-25 00:00:00,P59_CL,,1154.9000838033
2024-07-25 00:00:00,P59_SC,,1156.76137117949
2024-07-25 00:00:00,P59_SM,,1154.00791336723
2024-07-26 00:00:00,BH21-P60_CH,,1151.18699646078
2024-07-26 00:00:00,BH21-P60_GP-GC,,1156.70409000029
2024-07-26 00:00:00,P42_CH,,1162.18642952239
2024-07-26 00:00:00,P42_CL,,1157.09282837456
2024-07-26 00:00:00,P42_SC,,1160.09524987133
2024-07-26 00:00:00,P47_CH,,1147.68370733277
2024-07-26 00:00:00,P47_SC,,1155.16642241956
2024-07-26 00:00:00,P59_CL,,1154.84972594157
2024-07-26 00:00:00,P59_SC,,1156.76304251951
2024-07-26 00:00:00,P59_SM,,1153.94159189748
2024-07-27 00:00:00,BH21-P60_CH,,1151.2580440106399
2024-07-27 00:00:00,BH21-P60_GP-GC,,1156.75573063275
2024-07-27 00:00:00,P42_CH,,1162.22887733379
2024-07-27 00:00:00,P42_CL,,1157.2049742585
2024-07-27 00:00:00,P42_SC,,1160.22873463223
2024-07-27 00:00:00,P47_CH,,1147.81233105733
2024-07-27 00:00:00,P47_SC,,1155.20692630744
2024-07-27 00:00:00,P59_CL,,1154.83636991718
2024-07-27 00:00:00,P59_SC,,1156.79175908485
2024-07-27 00:00:00,P59_SM,,1153.91818784073
2024-07-28 00:00:00,BH21-P60_CH,,1151.3181650628499
2024-07-28 00:00:00,BH21-P60_GP-GC,,1156.7979380818
2024-07-28 00:00:00,P42_CH,,1162.24536239463
2024-07-28 00:00:00,P42_CL,,1157.23021108691
2024-07-28 00:00:00,P42_SC,,1160.35608539532
2024-07-28 00:00:00,P47_CH,,1147.90394413969
2024-07-28 00:00:00,P47_SC,,1155.24413811169
2024-07-28 00:00:00,P59_CL,,1154.82884195553
2024-07-28 00:00:00,P59_SC,,1156.81473220786
2024-07-28 00:00:00,P59_SM,,1153.90391387105
2024-07-29 00:00:00,BH21-P60_CH,,1151.362808714915
2024-07-29 00:00:00,BH21-P60_GP-GC,,1156.81114366271
2024-07-29 00:00:00,P42_CH,,1162.22623512455
2024-07-29 00:00:00,P42_CL,,1157.16575467452
2024-07-29 00:00:00,P42_SC,,1160.39073516585
2024-07-29 00:00:00,P47_CH,,1147.97727090397
2024-07-29 00:00:00,P47_SC,,1155.25354289405
2024-07-29 00:00:00,P59_CL,,1154.80149225997
2024-07-29 00:00:00,P59_SC,,1156.80904971326
2024-07-29 00:00:00,P59_SM,,1153.87208659392
2024-07-30 00:00:00,BH21-P60_CH,,1151.3953752265002
2024-07-30 00:00:00,BH21-P60_GP-GC,,1156.82229375909
2024-07-30 00:00:00,P42_CH,,1162.26535118602
2024-07-30 00:00:00,P42_CL,,1157.1944588853
2024-07-30 00:00:00,P42_SC,,1160.5154390425
2024-07-30 00:00:00,P47_SC,,1155.26122345003
2024-07-30 00:00:00,P59_CL,,1154.78118475634
2024-07-30 00:00:00,P59_SC,,1156.80798614397
2024-07-30 00:00:00,P59_SM,,1153.84257380257
2024-07-31 00:00:00,BH21-P60_CH,,1151.4281234825098
2024-07-31 00:00:00,BH21-P60_GP-GC,,1156.83989170578
2024-07-31 00:00:00,P42_CH,,1162.26805081635
2024-07-31 00:00:00,P42_CL,,1157.16137798208
2024-07-31 00:00:00,P42_SC,,1160.586367862
2024-07-31 00:00:00,P47_SC,,1155.27589483869
2024-07-31 00:00:00,P59_CL,,1154.7939642294
2024-07-31 00:00:00,P59_SC,,1156.82187330073
2024-07-31 00:00:00,P59_SM,,1153.84443845158
2024-08-01 00:00:00,BH21-P60_CH,,1151.4344529354098
2024-08-01 00:00:00,BH21-P60_GP-GC,,1156.80068338182
2024-08-01 00:00:00,P42_CL,,1157.19889239601
2024-08-01 00:00:00,P42_SC,,1160.4556467327
2024-08-01 00:00:00,P47_CH,,1147.9869914642
2024-08-01 00:00:00,P47_SC,,1155.2278364369
2024-08-01 00:00:00,P59_CL,,1154.7825810904
2024-08-01 00:00:00,P59_SC,,1156.80677063591
2024-08-01 00:00:00,P59_SM,,1153.83746208793
2024-08-02 00:00:00,BH21-P60_CH,,1151.391445494125
2024-08-02 00:00:00,BH21-P60_GP-GC,,1156.72487022047
2024-08-02 00:00:00,P42_CL,,1157.1092553344
2024-08-02 00:00:00,P42_SC,,1160.1558893102
2024-08-02 00:00:00,P47_CH,,1147.63116288609
2024-08-02 00:00:00,P47_SC,,1155.15099823133
2024-08-02 00:00:00,P59_CL,,1154.80807927452
2024-08-02 00:00:00,P59_SC,,1156.80561590296
2024-08-02 00:00:00,P59_SM,,1153.855079794
2024-08-03 00:00:00,BH21-P60_CH,,1151.3956240083248
2024-08-03 00:00:00,BH21-P60_GP-GC,,1156.75128179139
2024-08-03 00:00:00,P47_CH,,1147.59512226522
2024-08-03 00:00:00,P47_SC,,1155.18720736027
2024-08-03 00:00:00,P59_CL,,1154.92385102579
2024-08-03 00:00:00,P59_SC,,1156.86095159531
2024-08-03 00:00:00,P59_SM,,1153.98242007674
2024-08-04 00:00:00,BH21-P60_CH,,1151.3945724361852
2024-08-04 00:00:00,BH21-P60_GP-GC,,1156.74386235265
2024-08-04 00:00:00,P47_CH,,1147.46696183877
2024-08-04 00:00:00,P47_SC,,1155.17943261371
2024-08-04 00:00:00,P59_CL,,1155.00280084985
2024-08-04 00:00:00,P59_SC,,1156.89252394041
2024-08-04 00:00:00,P59_SM,,1154.07423374222
2024-08-05 00:00:00,BH21-P60_CH,,1151.3676835014899
2024-08-05 00:00:00,BH21-P60_GP-GC,,1156.6886596362
2024-08-05 00:00:00,P47_CH,,1147.31063293039
2024-08-05 00:00:00,P47_SC,,1155.12356685633
2024-08-05 00:00:00,P59_CL,,1154.96652845029
2024-08-05 00:00:00,P59_SC,,1156.84715571902
2024-08-05 00:00:00,P59_SM,,1154.04276143707
2024-08-06 00:00:00,BH21-P60_CH,,1151.331409594545
2024-08-06 00:00:00,BH21-P60_GP-GC,,1156.63259739014
2024-08-06 00:00:00,P47_CH,,1147.14726540608
2024-08-06 00:00:00,P47_SC,,1155.07296723563
2024-08-06 00:00:00,P59_CL,,1154.94324715495
2024-08-06 00:00:00,P59_SC,,1156.81081219897
2024-08-06 00:00:00,P59_SM,,1154.02077246878
2024-08-07 00:00:00,BH21-P60_CH,,1151.31548925502
2024-08-07 00:00:00,BH21-P60_GP-GC,,1156.60539665931
2024-08-07 00:00:00,P47_CH,,1147.06354764152
2024-08-07 00:00:00,P47_SC,,1155.0445948034
2024-08-07 00:00:00,P59_CL,,1154.9493179106
2024-08-07 00:00:00,P59_SC,,1156.80327604845
2024-08-07 00:00:00,P59_SM,,1154.02437300984
2024-08-08 00:00:00,BH21-P60_CH,,1151.3235478289998
2024-08-08 00:00:00,BH21-P60_GP-GC,,1156.55533109532
2024-08-08 00:00:00,P47_CH,,1146.94975425835
2024-08-08 00:00:00,P47_SC,,1154.99669039794
2024-08-08 00:00:00,P59_CL,,1154.94373281576
2024-08-08 00:00:00,P59_SC,,1156.78069791057
2024-08-08 00:00:00,P59_SM,,1154.01987233301
2024-08-09 00:00:00,BH21-P60_CH,,1151.24037678955
2024-08-09 00:00:00,BH21-P60_GP-GC,,1156.46578605413
2024-08-09 00:00:00,P47_CH,,1146.8352079745
2024-08-09 00:00:00,P47_SC,,1154.90990923883
2024-08-09 00:00:00,P59_CL,,1154.90075159446
2024-08-09 00:00:00,P59_SC,,1156.72004330557
2024-08-09 00:00:00,P59_SM,,1153.98585991226
2024-08-10 00:00:00,BH21-P60_CH,,1151.21773390201
2024-08-10 00:00:00,BH21-P60_GP-GC,,1156.43865466418
2024-08-10 00:00:00,P47_CH,,1146.76374026872
2024-08-10 00:00:00,P47_SC,,1154.88702227767
2024-08-10 00:00:00,P59_CL,,1154.97739502966
2024-08-10 00:00:00,P59_SC,,1156.75960867481
2024-08-10 00:00:00,P59_SM,,1154.06693630425
2024-08-11 00:00:00,BH21-P60_CH,,1151.21937844122
2024-08-11 00:00:00,BH21-P60_GP-GC,,1156.43413509579
2024-08-11 00:00:00,P47_CH,,1146.816074988
2024-08-11 00:00:00,P47_SC,,1154.89059641442
2024-08-11 00:00:00,P59_CL,,1154.99381625419
2024-08-11 00:00:00,P59_SC,,1156.76313368349
2024-08-11 00:00:00,P59_SM,,1154.08767128055
2024-08-12 00:00:00,BH21-P60_CH,,1151.19367529256
2024-08-12 00:00:00,BH21-P60_GP-GC,,1156.38401121448
2024-08-12 00:00:00,P47_CH,,1146.7627085752
2024-08-12 00:00:00,P47_SC,,1154.84206312878
2024-08-12 00:00:00,P59_CL,,1154.97044406487
2024-08-12 00:00:00,P59_SC,,1156.72909900387
2024-08-12 00:00:00,P59_SM,,1154.0661004735
2024-08-13 00:00:00,BH21-P60_CH,,1151.159258086105
2024-08-13 00:00:00,BH21-P60_GP-GC,,1156.37174767012
2024-08-13 00:00:00,P47_CH,,1146.74073032637
2024-08-13 00:00:00,P47_SC,,1154.83187357271
2024-08-13 00:00:00,P59_CL,,1154.98091603756
2024-08-13 00:00:00,P59_SC,,1156.72909900387
2024-08-13 00:00:00,P59_SM,,1154.0786057692
2024-08-14 00:00:00,BH21-P60_CH,,1151.155423048735
2024-08-14 00:00:00,BH21-P60_GP-GC,,1156.37301485772
2024-08-14 00:00:00,P47_CH,,1146.73891703837
2024-08-14 00:00:00,P47_SC,,1154.83585534077
2024-08-14 00:00:00,P59_CL,,1154.96036666107
2024-08-14 00:00:00,P59_SC,,1156.7077056476
2024-08-14 00:00:00,P59_SM,,1154.05967100041
2024-08-15 00:00:00,BH21-P60_CH,,1151.13419973221
2024-08-15 00:00:00,BH21-P60_GP-GC,,1156.34403840754
2024-08-15 00:00:00,P47_CH,,1146.70665290751
2024-08-15 00:00:00,P47_SC,,1154.80196315772
2024-08-15 00:00:00,P59_CL,,1154.94327750875
2024-08-15 00:00:00,P59_SC,,1156.68907754459
2024-08-15 00:00:00,P59_SM,,1154.04063969976
2024-08-16 00:00:00,BH21-P60_CH,,1151.09948136381
2024-08-16 00:00:00,BH21-P60_GP-GC,,1156.29039344259
2024-08-16 00:00:00,P47_CH,,1146.66238317999
2024-08-16 00:00:00,P47_SC,,1154.74609216507
2024-08-16 00:00:00,P59_CL,,1154.92901119499
2024-08-16 00:00:00,P59_SC,,1156.66151510676
2024-08-16 00:00:00,P59_SM,,1154.02450160053
2024-08-17 00:00:00,BH21-P60_CH,,1151.0723991726
2024-08-17 00:00:00,BH21-P60_GP-GC,,1156.27437022327
2024-08-17 00:00:00,P47_CH,,1146.64643847877
2024-08-17 00:00:00,P47_SC,,1154.72856569515
2024-08-17 00:00:00,P59_CL,,1154.94956074063
2024-08-17 00:00:00,P59_SC,,1156.66978081662
2024-08-17 00:00:00,P59_SM,,1154.04993032908
2024-08-18 00:00:00,BH21-P60_CH,,1151.05737133881
2024-08-18 00:00:00,BH21-P60_GP-GC,,1156.27473630804
2024-08-18 00:00:00,P47_CH,,1146.64784536622
2024-08-18 00:00:00,P47_SC,,1154.73571424665
2024-08-18 00:00:00,P59_CL,,1154.93547657359
2024-08-18 00:00:00,P59_SC,,1156.65166916827
2024-08-18 00:00:00,P59_SM,,1154.0382929284
2024-08-19 00:00:00,BH21-P60_CH,,1151.044970204865
2024-08-19 00:00:00,BH21-P60_GP-GC,,1156.25616450693
2024-08-19 00:00:00,P47_CH,,1146.64643847877
2024-08-19 00:00:00,P47_SC,,1154.72564983498
2024-08-19 00:00:00,P59_CL,,1154.91850872561
2024-08-19 00:00:00,P59_SC,,1156.63556311226
2024-08-19 00:00:00,P59_SM,,1154.02183334282
2024-08-20 00:00:00,BH21-P60_CH,,1151.0252905387752
2024-08-20 00:00:00,BH21-P60_GP-GC,,1156.23611419324
2024-08-20 00:00:00,P47_CH,,1146.64468768495
2024-08-20 00:00:00,P47_SC,,1154.71060020051
2024-08-20 00:00:00,P59_CL,,1154.9253383694
2024-08-20 00:00:00,P59_SC,,1156.63519844619
2024-08-20 00:00:00,P59_SM,,1154.02385864703
2024-08-21 00:00:00,BH21-P60_CH,,1151.0059796087148
2024-08-21 00:00:00,BH21-P60_GP-GC,,1156.20019517378
2024-08-21 00:00:00,P47_CH,,1146.61830064675
2024-08-21 00:00:00,P47_SC,,1154.67328940595
2024-08-21 00:00:00,P59_CL,,1154.91234685871
2024-08-21 00:00:00,P59_SC,,1156.61419970934
2024-08-21 00:00:00,P59_SM,,1154.00527724633
2024-08-22 00:00:00,BH21-P60_CH,,1150.9896121473448
2024-08-22 00:00:00,BH21-P60_GP-GC,,1156.17006295382
2024-08-22 00:00:00,P47_CH,,1146.60304362277
2024-08-22 00:00:00,P47_SC,,1154.64356593746
2024-08-22 00:00:00,P59_CL,,1154.89203994601
2024-08-22 00:00:00,P59_SC,,1156.58618098478
2024-08-22 00:00:00,P59_SM,,1153.98650287185
2024-08-23 00:00:00,BH21-P60_CH,,1150.976155485645
2024-08-23 00:00:00,BH21-P60_GP-GC,,1156.15989680198
2024-08-23 00:00:00,P47_CH,,1146.59625923446
2024-08-23 00:00:00,P47_SC,,1154.63196494616
2024-08-23 00:00:00,P59_CL,,1154.89191852917
2024-08-23 00:00:00,P59_SC,,1156.58371946176
2024-08-23 00:00:00,P59_SM,,1153.98753160697
2024-08-24 00:00:00,BH21-P60_CH,,1150.99218878994
2024-08-24 00:00:00,BH21-P60_GP-GC,,1156.21930227095
2024-08-24 00:00:00,P47_CH,,1146.65328532728
2024-08-24 00:00:00,P47_SC,,1154.69620893498
2024-08-24 00:00:00,P59_CL,,1154.93483914239
2024-08-24 00:00:00,P59_SC,,1156.61915311033
2024-08-24 00:00:00,P59_SM,,1154.02337643183
2024-08-25 00:00:00,BH21-P60_CH,,1150.9841160803098
2024-08-25 00:00:00,BH21-P60_GP-GC,,1156.19878713083
2024-08-25 00:00:00,P47_CH,,1146.62714844877
2024-08-25 00:00:00,P47_SC,,1154.67068704352
2024-08-25 00:00:00,P59_CL,,1154.92133164653
2024-08-25 00:00:00,P59_SC,,1156.60976291619
2024-08-25 00:00:00,P59_SM,,1154.01051733862
2024-08-26 00:00:00,BH21-P60_CH,,1150.98221445506
2024-08-26 00:00:00,BH21-P60_GP-GC,,1156.18341127175
2024-08-26 00:00:00,P47_CH,,1146.57574969125
2024-08-26 00:00:00,P47_SC,,1154.65569991153
2024-08-26 00:00:00,P59_CL,,1154.90800622727
2024-08-26 00:00:00,P59_SC,,1156.60040309192
2024-08-26 00:00:00,P59_SM,,1153.99887982378
2024-08-27 00:00:00,BH21-P60_CH,,1150.96687110736
2024-08-27 00:00:00,BH21-P60_GP-GC,,1156.17151324775
2024-08-27 00:00:00,P42_CH,,1161.53144892837
2024-08-27 00:00:00,P42_CL,,1156.49842041692
2024-08-27 00:00:00,P42_SC,,1158.3133811913
2024-08-27 00:00:00,P47_CH,,1146.55358303247
2024-08-27 00:00:00,P47_SC,,1154.6438794773
2024-08-27 00:00:00,P59_CL,,1154.9032102791
2024-08-27 00:00:00,P59_SC,,1156.59408216085
2024-08-27 00:00:00,P59_SM,,1154.00077654812
2024-08-28 00:00:00,BH21-P60_CH,,1150.935535430115
2024-08-28 00:00:00,BH21-P60_GP-GC,,1156.13500230078
2024-08-28 00:00:00,P42_CH,,1161.56398673886
2024-08-28 00:00:00,P42_CL,,1156.54816030641
2024-08-28 00:00:00,P42_SC,,1158.19980081633
2024-08-28 00:00:00,P47_CH,,1146.53210410296
2024-08-28 00:00:00,P47_SC,,1154.60763410998
2024-08-28 00:00:00,P59_CL,,1154.87473800673
2024-08-28 00:00:00,P59_SC,,1156.56041090068
2024-08-28 00:00:00,P59_SM,,1153.97740498416
2024-08-29 00:00:00,BH21-P60_CH,,1150.87841113729
2024-08-29 00:00:00,BH21-P60_GP-GC,,1156.11129043574
2024-08-29 00:00:00,P42_CH,,1161.51972405192
2024-08-29 00:00:00,P42_CL,,1156.49897555165
2024-08-29 00:00:00,P42_SC,,1158.13919082514
2024-08-29 00:00:00,P47_CH,,1146.53313584404
2024-08-29 00:00:00,P47_SC,,1154.58505897592
2024-08-29 00:00:00,P59_CL,,1154.85142579586
2024-08-29 00:00:00,P59_SC,,1156.53570430459
2024-08-29 00:00:00,P59_SM,,1153.95149357277
2024-08-30 00:00:00,BH21-P60_CH,,1150.900806954115
2024-08-30 00:00:00,BH21-P60_GP-GC,,1156.14211301862
2024-08-30 00:00:00,P42_CH,,1161.50603564942
2024-08-30 00:00:00,P42_CL,,1156.47849104966
2024-08-30 00:00:00,P42_SC,,1158.20057011444
2024-08-30 00:00:00,P47_CH,,1146.55777250724
2024-08-30 00:00:00,P47_SC,,1154.61907840045
2024-08-30 00:00:00,P59_CL,,1154.94889295802
2024-08-30 00:00:00,P59_SC,,1156.58669760055
2024-08-30 00:00:00,P59_SM,,1154.0374570917
2024-08-31 00:00:00,BH21-P60_CH,,1150.8849444881148
2024-08-31 00:00:00,BH21-P60_GP-GC,,1156.10601016293
2024-08-31 00:00:00,P42_CH,,1161.47641473342
2024-08-31 00:00:00,P42_CL,,1156.44623754712
2024-08-31 00:00:00,P42_SC,,1158.13528934647
2024-08-31 00:00:00,P47_CH,,1146.52835231542
2024-08-31 00:00:00,P47_SC,,1154.57856860147
2024-08-31 00:00:00,P59_CL,,1154.89595563715
2024-08-31 00:00:00,P59_SC,,1156.53771001107
2024-08-31 00:00:00,P59_SM,,1153.98457399278
2024-09-01 00:00:00,BH21-P60_CH,,1148.98643675778
2024-09-01 00:00:00,BH21-P60_GP-GC,,1156.1860020797
2024-09-01 00:00:00,P42_CH,,1161.4757976294
2024-09-01 00:00:00,P42_CL,,1156.43358036433
2024-09-01 00:00:00,P42_SC,,1158.35580160011
2024-09-01 00:00:00,P47_CH,,1146.58691114516
2024-09-01 00:00:00,P47_SC,,1154.66498065256
2024-09-01 00:00:00,P59_CL,,1154.96807648444
2024-09-01 00:00:00,P59_SC,,1156.61757288483
2024-09-01 00:00:00,P59_SM,,1154.05243783089
2024-09-02 00:00:00,BH21-P60_CH,,1149.00142579641
2024-09-02 00:00:00,BH21-P60_GP-GC,,1156.22116087866
2024-09-02 00:00:00,P42_CH,,1161.5141140548
2024-09-02 00:00:00,P42_CL,,1156.47643704466
2024-09-02 00:00:00,P42_SC,,1158.47926977119
2024-09-02 00:00:00,P47_CH,,1146.61145375035
2024-09-02 00:00:00,P47_SC,,1154.70213475642
2024-09-02 00:00:00,P59_CL,,1154.97408649342
2024-09-02 00:00:00,P59_SC,,1156.65975256377
2024-09-02 00:00:00,P59_SM,,1154.0495767069
2024-09-03 00:00:00,BH21-P60_CH,,1149.00685192661
2024-09-03 00:00:00,BH21-P60_GP-GC,,1156.27365213383
2024-09-03 00:00:00,P42_CH,,1161.52499744426
2024-09-03 00:00:00,P42_CL,,1156.48681809054
2024-09-03 00:00:00,P42_SC,,1158.67597873365
2024-09-03 00:00:00,P47_CH,,1146.68242340885
2024-09-03 00:00:00,P47_SC,,1154.75631329122
2024-09-03 00:00:00,P59_CL,,1155.08514853837
2024-09-03 00:00:00,P59_SC,,1156.80980940546
2024-09-03 00:00:00,P59_SM,,1154.13987794077
2024-09-04 00:00:00,BH21-P60_CH,,1149.02546727655
2024-09-04 00:00:00,BH21-P60_GP-GC,,1156.29159025358
2024-09-04 00:00:00,P42_CH,,1161.55439371371
2024-09-04 00:00:00,P42_CL,,1156.52334592104
2024-09-04 00:00:00,P42_SC,,1158.9569653912
2024-09-04 00:00:00,P47_CH,,1146.85737338532
2024-09-04 00:00:00,P47_SC,,1154.77280499224
2024-09-04 00:00:00,P59_CL,,1155.04653974426
2024-09-04 00:00:00,P59_SC,,1156.77462033095
2024-09-04 00:00:00,P59_SM,,1154.13820630945
2024-09-05 00:00:00,BH21-P60_CH,,1149.07481244835
2024-09-05 00:00:00,BH21-P60_GP-GC,,1156.37570411019
2024-09-05 00:00:00,P42_CH,,1161.52376324648
2024-09-05 00:00:00,P42_CL,,1156.4734393065
2024-09-05 00:00:00,P42_SC,,1158.99256861128
2024-09-05 00:00:00,P47_CH,,1146.86021830399
2024-09-05 00:00:00,P47_SC,,1154.85990262796
2024-09-05 00:00:00,P59_CL,,1155.11680624342
2024-09-05 00:00:00,P59_SC,,1156.83901187832
2024-09-05 00:00:00,P59_SM,,1154.19542713967
2024-09-06 00:00:00,BH21-P60_CH,,1149.07591377853
2024-09-06 00:00:00,BH21-P60_GP-GC,,1156.34137729516
2024-09-06 00:00:00,P42_CH,,1161.61761762806
2024-09-06 00:00:00,P42_CL,,1156.59973174432
2024-09-06 00:00:00,P42_SC,,1158.88411003877
2024-09-06 00:00:00,P47_CH,,1146.82082697841
2024-09-06 00:00:00,P47_SC,,1154.81926984001
2024-09-06 00:00:00,P59_CL,,1155.07443403018
2024-09-06 00:00:00,P59_SC,,1156.79294420909
2024-09-06 00:00:00,P59_SM,,1154.14736812639
2024-09-07 00:00:00,BH21-P60_CH,,1149.07996989524
2024-09-07 00:00:00,BH21-P60_GP-GC,,1156.30855677352
2024-09-07 00:00:00,P42_CH,,1161.55164483223
2024-09-07 00:00:00,P42_CL,,1156.51290941834
2024-09-07 00:00:00,P42_SC,,1158.8057044491
2024-09-07 00:00:00,P47_CH,,1146.76724177241
2024-09-07 00:00:00,P47_SC,,1154.78424881353
2024-09-07 00:00:00,P59_CL,,1155.05303527631
2024-09-07 00:00:00,P59_SC,,1156.76459230698
2024-09-07 00:00:00,P59_SM,,1154.12046125722
2024-09-08 00:00:00,BH21-P60_CH,,1150.999201200095
2024-09-08 00:00:00,BH21-P60_GP-GC,,1156.26272589543
2024-09-08 00:00:00,P42_CH,,1161.5434542797
2024-09-08 00:00:00,P42_CL,,1156.50991169647
2024-09-08 00:00:00,P42_SC,,1158.65229705176
2024-09-08 00:00:00,P47_CH,,1146.73863566604
2024-09-08 00:00:00,P47_SC,,1154.73734461627
2024-09-08 00:00:00,P59_CL,,1155.02325893793
2024-09-08 00:00:00,P59_SC,,1156.72031680007
2024-09-08 00:00:00,P59_SM,,1154.0957723585
2024-09-09 00:00:00,BH21-P60_CH,,1150.98794246347
2024-09-09 00:00:00,BH21-P60_GP-GC,,1156.24108453957
2024-09-09 00:00:00,P42_CH,,1161.49290821668
2024-09-09 00:00:00,P42_CL,,1156.45384294809
2024-09-09 00:00:00,P42_SC,,1158.53932708475
2024-09-09 00:00:00,P47_CH,,1146.72478587489
2024-09-09 00:00:00,P47_SC,,1154.71712171568
2024-09-09 00:00:00,P59_CL,,1155.01032846774
2024-09-09 00:00:00,P59_SC,,1156.69293688045
2024-09-09 00:00:00,P59_SM,,1154.08464944571
2024-09-10 00:00:00,BH21-P60_CH,,1151.00452261392
2024-09-10 00:00:00,BH21-P60_GP-GC,,1156.28239592056
2024-09-10 00:00:00,P42_CH,,1161.53857360248
2024-09-10 00:00:00,P42_CL,,1156.50896796894
2024-09-10 00:00:00,P42_SC,,1158.56158056708
2024-09-10 00:00:00,P47_CH,,1146.75276679039
2024-09-10 00:00:00,P47_SC,,1154.76813339557
2024-09-10 00:00:00,P59_CL,,1155.08023140238
2024-09-10 00:00:00,P59_SC,,1156.75851470605
2024-09-10 00:00:00,P59_SM,,1154.15527620422
2024-09-11 00:00:00,BH21-P60_CH,,1151.000406432005
2024-09-11 00:00:00,BH21-P60_GP-GC,,1156.28059366002
2024-09-11 00:00:00,P42_CH,,1161.53346852192
2024-09-11 00:00:00,P42_CL,,1156.50663640624
2024-09-11 00:00:00,P42_SC,,1158.5519648743
2024-09-11 00:00:00,P47_CH,,1146.80350720215
2024-09-11 00:00:00,P47_SC,,1154.7646532093
2024-09-11 00:00:00,P59_CL,,1155.08405584203
2024-09-11 00:00:00,P59_SC,,1156.75623560362
2024-09-11 00:00:00,P59_SM,,1154.16948498786
2024-09-12 00:00:00,BH21-P60_CH,,1150.98286677397
2024-09-12 00:00:00,BH21-P60_GP-GC,,1156.22517377893
2024-09-12 00:00:00,P42_CH,,1161.51119685416
2024-09-12 00:00:00,P42_CL,,1156.48420895218
2024-09-12 00:00:00,P42_SC,,1158.52663432328
2024-09-12 00:00:00,P47_CH,,1146.79578518871
2024-09-12 00:00:00,P47_SC,,1154.70567770371
2024-09-12 00:00:00,P59_CL,,1155.03603759892
2024-09-12 00:00:00,P59_SC,,1156.70560885022
2024-09-12 00:00:00,P59_SM,,1154.12560475868
2024-09-13 00:00:00,BH21-P60_CH,,1151.0423920109452
2024-09-13 00:00:00,BH21-P60_GP-GC,,1156.37035376331
2024-09-13 00:00:00,P42_CH,,1161.57918968773
2024-09-13 00:00:00,P42_CL,,1156.5571534167
2024-09-13 00:00:00,P42_SC,,1159.17453754331
2024-09-13 00:00:00,P47_CH,,1147.12632046573
2024-09-13 00:00:00,P47_SC,,1154.86667471944
2024-09-13 00:00:00,P59_CL,,1155.30529010449
2024-09-13 00:00:00,P59_SC,,1156.9123970858
2024-09-13 00:00:00,P59_SM,,1154.39402210239
2024-09-14 00:00:00,BH21-P60_CH,,1151.1026664175502
2024-09-14 00:00:00,BH21-P60_GP-GC,,1156.50833426108
2024-09-14 00:00:00,P42_CH,,1161.70866558566
2024-09-14 00:00:00,P42_CL,,1156.69315886151
2024-09-14 00:00:00,P42_SC,,1159.87390517084
2024-09-14 00:00:00,P47_CH,,1147.30166129707
2024-09-14 00:00:00,P47_SC,,1154.99596931942
2024-09-14 00:00:00,P59_CL,,1155.21845513979
2024-09-14 00:00:00,P59_SC,,1156.87970055019
2024-09-14 00:00:00,P59_SM,,1154.31774196771
2024-09-15 00:00:00,BH21-P60_CH,,1151.17957398635
2024-09-15 00:00:00,BH21-P60_GP-GC,,1156.58781183007
2024-09-15 00:00:00,P42_CH,,1161.81424127968
2024-09-15 00:00:00,P42_CL,,1156.80828947858
2024-09-15 00:00:00,P42_SC,,1160.29310466956
2024-09-15 00:00:00,P47_CH,,1147.61012619792
2024-09-15 00:00:00,P47_SC,,1155.06550577558
2024-09-15 00:00:00,P59_CL,,1155.03919431617
2024-09-15 00:00:00,P59_SC,,1156.78771750503
2024-09-15 00:00:00,P59_SM,,1154.13579530152
2024-09-16 00:00:00,BH21-P60_CH,,1151.26798799183
2024-09-16 00:00:00,BH21-P60_GP-GC,,1156.67273645595
2024-09-16 00:00:00,P42_CH,,1161.88593292408
2024-09-16 00:00:00,P42_CL,,1156.87573489606
2024-09-16 00:00:00,P42_SC,,1160.61356974934
2024-09-16 00:00:00,P47_CH,,1147.84890147574
2024-09-16 00:00:00,P47_SC,,1155.1370474411
2024-09-16 00:00:00,P59_CL,,1155.01803818999
2024-09-16 00:00:00,P59_SC,,1156.82621872628
2024-09-16 00:00:00,P59_SM,,1154.09455076843
2024-09-17 00:00:00,BH21-P60_CH,,1151.327183256635
2024-09-17 00:00:00,BH21-P60_GP-GC,,1156.69886677194
2024-09-17 00:00:00,P42_CH,,1161.94646062552
2024-09-17 00:00:00,P42_CL,,1156.94123679222
2024-09-17 00:00:00,P42_SC,,1160.61082328764
2024-09-17 00:00:00,P47_CH,,1147.81733215598
2024-09-17 00:00:00,P47_SC,,1155.15046528068
2024-09-17 00:00:00,P59_CL,,1155.08092951466
2024-09-17 00:00:00,P59_SC,,1156.9032202006
2024-09-17 00:00:00,P59_SM,,1154.15157934051
2024-09-18 00:00:00,BH21-P60_CH,,1151.3678543251099
2024-09-18 00:00:00,BH21-P60_GP-GC,,1156.66352886057
2024-09-18 00:00:00,P42_CH,,1161.91661757457
2024-09-18 00:00:00,P42_CL,,1156.90593245987
2024-09-18 00:00:00,P42_SC,,1160.48811018001
2024-09-18 00:00:00,P47_CH,,1147.61018871422
2024-09-18 00:00:00,P47_SC,,1155.11190454659
2024-09-18 00:00:00,P59_CL,,1155.10946095083
2024-09-18 00:00:00,P59_SC,,1156.91096889626
2024-09-18 00:00:00,P59_SM,,1154.18035049438
2024-09-19 00:00:00,BH21-P60_CH,,1151.318954398845
2024-09-19 00:00:00,BH21-P60_GP-GC,,1156.62797947284
2024-09-19 00:00:00,P42_CH,,1161.88722314117
2024-09-19 00:00:00,P42_CL,,1156.8716826391
2024-09-19 00:00:00,P42_SC,,1160.39972672613
2024-09-19 00:00:00,P47_CH,,1147.46161653988
2024-09-19 00:00:00,P47_SC,,1155.07820278969
2024-09-19 00:00:00,P59_CL,,1155.10700239932
2024-09-19 00:00:00,P59_SC,,1156.89504607219
2024-09-19 00:00:00,P59_SM,,1154.18510816255
2024-09-20 00:00:00,BH21-P60_CH,,1151.37103396436
2024-09-20 00:00:00,BH21-P60_GP-GC,,1156.72391286836
2024-09-20 00:00:00,P42_CH,,1161.89760096387
2024-09-20 00:00:00,P42_CL,,1156.87801082013
2024-09-20 00:00:00,P42_SC,,1160.50909351863
2024-09-20 00:00:00,P47_CH,,1147.48227874549
2024-09-20 00:00:00,P47_SC,,1155.18651766562
2024-09-20 00:00:00,P59_CL,,1155.2998572864
2024-09-20 00:00:00,P59_SC,,1157.05065588534
2024-09-20 00:00:00,P59_SM,,1154.37849617469
2024-09-21 00:00:00,BH21-P60_CH,,1151.38556074197
2024-09-21 00:00:00,BH21-P60_GP-GC,,1156.72710873411
2024-09-21 00:00:00,P42_CH,,1161.93288542214
2024-09-21 00:00:00,P42_CL,,1156.91931038126
2024-09-21 00:00:00,P42_SC,,1160.66108335077
2024-09-21 00:00:00,P47_CH,,1147.56645837696
2024-09-21 00:00:00,P47_SC,,1155.18792840456
2024-09-21 00:00:00,P59_CL,,1155.22883537608
2024-09-21 00:00:00,P59_SC,,1156.99933348922
2024-09-21 00:00:00,P59_SM,,1154.31844916483
2024-09-22 00:00:00,BH21-P60_CH,,1151.3781655400549
2024-09-22 00:00:00,BH21-P60_GP-GC,,1156.69427708356
2024-09-22 00:00:00,P42_CH,,1161.90882021077
2024-09-22 00:00:00,P42_CL,,1156.8879471625
2024-09-22 00:00:00,P42_SC,,1160.56517692218
2024-09-22 00:00:00,P47_CH,,1147.51541311786
2024-09-22 00:00:00,P47_SC,,1155.14933667907
2024-09-22 00:00:00,P59_CL,,1155.17714637535
2024-09-22 00:00:00,P59_SC,,1156.96633370602
2024-09-22 00:00:00,P59_SM,,1154.27174174264
2024-09-23 00:00:00,BH21-P60_CH,,1151.352676136675
2024-09-23 00:00:00,BH21-P60_GP-GC,,1156.64074912838
2024-09-23 00:00:00,P42_CH,,1161.88851335798
2024-09-23 00:00:00,P42_CL,,1156.86274546098
2024-09-23 00:00:00,P42_SC,,1160.4548223346
2024-09-23 00:00:00,P47_CH,,1147.41735349437
2024-09-23 00:00:00,P47_SC,,1155.09375265861
2024-09-23 00:00:00,P59_CL,,1155.11243549251
2024-09-23 00:00:00,P59_SC,,1156.91625623403
2024-09-23 00:00:00,P59_SM,,1154.20471741104
2024-09-24 00:00:00,BH21-P60_CH,,1151.3240516385
2024-09-24 00:00:00,BH21-P60_GP-GC,,1156.61808190772
2024-09-24 00:00:00,P42_CH,,1161.88924261083
2024-09-24 00:00:00,P42_CL,,1156.87390305417
2024-09-24 00:00:00,P42_SC,,1160.32331717859
2024-09-24 00:00:00,P47_CH,,1147.32022974682
2024-09-24 00:00:00,P47_SC,,1155.0728731837
2024-09-24 00:00:00,P59_CL,,1155.10639534932
2024-09-24 00:00:00,P59_SC,,1156.90920644898
2024-09-24 00:00:00,P59_SM,,1154.19227680056
2024-09-25 00:00:00,BH21-P60_CH,,1151.34779472352
2024-09-25 00:00:00,BH21-P60_GP-GC,,1156.65227979904
2024-09-25 00:00:00,P42_CH,,1161.87774284366
2024-09-25 00:00:00,P42_CL,,1156.85786053872
2024-09-25 00:00:00,P42_SC,,1160.3778091991
2024-09-25 00:00:00,P47_CH,,1147.3277008713
2024-09-25 00:00:00,P47_SC,,1155.11102673696
2024-09-25 00:00:00,P59_CL,,1155.15778178928
2024-09-25 00:00:00,P59_SC,,1156.95779504947
2024-09-25 00:00:00,P59_SM,,1154.24525360326
2024-09-26 00:00:00,BH21-P60_CH,,1151.3274098974398
2024-09-26 00:00:00,BH21-P60_GP-GC,,1156.60883195781
2024-09-26 00:00:00,P42_CH,,1161.85193840507
2024-09-26 00:00:00,P42_CL,,1156.82888399486
2024-09-26 00:00:00,P42_SC,,1160.28860024694
2024-09-26 00:00:00,P47_CH,,1147.24323587664
2024-09-26 00:00:00,P47_SC,,1155.06581928259
2024-09-26 00:00:00,P59_CL,,1155.12008430331
2024-09-26 00:00:00,P59_SC,,1156.92698282586
2024-09-26 00:00:00,P59_SM,,1154.20057054516
2024-09-27 00:00:00,BH21-P60_CH,,1151.294605857015
2024-09-27 00:00:00,BH21-P60_GP-GC,,1156.55799207503
2024-09-27 00:00:00,P42_CH,,1161.83898004585
2024-09-27 00:00:00,P42_CL,,1156.81905858663
2024-09-27 00:00:00,P42_SC,,1160.20136763465
2024-09-27 00:00:00,P47_CH,,1147.14554604861
2024-09-27 00:00:00,P47_SC,,1155.01568920282
2024-09-27 00:00:00,P59_CL,,1155.08363090448
2024-09-27 00:00:00,P59_SC,,1156.88930290263
2024-09-27 00:00:00,P59_SM,,1154.17385691118
2024-09-28 00:00:00,BH21-P60_CH,,1151.2845865055701
2024-09-28 00:00:00,BH21-P60_GP-GC,,1156.54471531856
2024-09-28 00:00:00,P42_CH,,1161.78742680622
2024-09-28 00:00:00,P42_CL,,1156.76321446757
2024-09-28 00:00:00,P42_SC,,1160.13737066359
2024-09-28 00:00:00,P47_CH,,1147.08480545906
2024-09-28 00:00:00,P47_SC,,1155.00446549724
2024-09-28 00:00:00,P59_CL,,1155.10323868776
2024-09-28 00:00:00,P59_SC,,1156.8960792342
2024-09-28 00:00:00,P59_SM,,1154.18967294697
2024-09-29 00:00:00,BH21-P60_CH,,1151.30212008004
2024-09-29 00:00:00,BH21-P60_GP-GC,,1156.56020251724
2024-09-29 00:00:00,P42_CH,,1161.76885855215
2024-09-29 00:00:00,P42_CL,,1156.73890048118
2024-09-29 00:00:00,P42_SC,,1160.10858555191
2024-09-29 00:00:00,P47_CH,,1147.06454801143
2024-09-29 00:00:00,P47_SC,,1155.02616045302
2024-09-29 00:00:00,P59_CL,,1155.25332897938
2024-09-29 00:00:00,P59_SC,,1157.00586656736
2024-09-29 00:00:00,P59_SM,,1154.32413888252
2024-09-30 00:00:00,BH21-P60_CH,,1151.43661955285
2024-09-30 00:00:00,BH21-P60_GP-GC,,1156.83697749079
2024-09-30 00:00:00,P42_CH,,1161.90478128439
2024-09-30 00:00:00,P42_CL,,1156.8811749084
2024-09-30 00:00:00,P42_SC,,1160.8192763912
2024-09-30 00:00:00,P47_CH,,1147.64991765975
2024-09-30 00:00:00,P47_SC,,1155.32345108797
2024-09-30 00:00:00,P59_CL,,1155.48135170694
2024-09-30 00:00:00,P59_SC,,1157.20770371655
2024-09-30 00:00:00,P59_SM,,1154.57939640051
2024-10-01 00:00:00,BH21-P60_CH,,1151.477886738815
2024-10-01 00:00:00,BH21-P60_GP-GC,,1156.85511035188
2024-10-01 00:00:00,P42_CH,,1161.99397358709
2024-10-01 00:00:00,P42_CL,,1156.98159230299
2024-10-01 00:00:00,P42_SC,,1160.90930187076
2024-10-01 00:00:00,P47_CH,,1147.79476465869
2024-10-01 00:00:00,P47_SC,,1155.32492447631
2024-10-01 00:00:00,P59_CL,,1155.33172566184
2024-10-01 00:00:00,P59_SC,,1157.13997493418
2024-10-01 00:00:00,P59_SM,,1154.42404515469
2024-10-02 00:00:00,BH21-P60_CH,,1151.5054850177448
2024-10-02 00:00:00,BH21-P60_GP-GC,,1156.88337944208
2024-10-02 00:00:00,P42_CH,,1162.02555518678
2024-10-02 00:00:00,P42_CL,,1157.02011576898
2024-10-02 00:00:00,P42_SC,,1160.91232283812
2024-10-02 00:00:00,P47_CH,,1147.85130823749
2024-10-02 00:00:00,P47_SC,,1155.34696253971
2024-10-02 00:00:00,P59_CL,,1155.62432558511
2024-10-02 00:00:00,P59_SC,,1157.34162388456
2024-10-02 00:00:00,P59_SM,,1154.7208562747
2024-10-03 00:00:00,BH21-P60_CH,,1151.54831770674
2024-10-03 00:00:00,BH21-P60_GP-GC,,1156.95534652432
2024-10-03 00:00:00,P42_CH,,1162.03963502747
2024-10-03 00:00:00,P42_CL,,1157.03077351877
2024-10-03 00:00:00,P42_SC,,1160.87222624653
2024-10-03 00:00:00,P47_CH,,1147.91238333612
2024-10-03 00:00:00,P47_SC,,1155.42461205242
2024-10-03 00:00:00,P59_CL,,1156.0234768384
2024-10-03 00:00:00,P59_SC,,1157.55022164392
2024-10-03 00:00:00,P59_SM,,1155.11023894168
2024-10-04 00:00:00,BH21-P60_CH,,1151.5518774694551
2024-10-04 00:00:00,BH21-P60_GP-GC,,1156.9694526067
2024-10-04 00:00:00,P42_CH,,1162.03497914768
2024-10-04 00:00:00,P42_CL,,1157.02383488151
2024-10-04 00:00:00,P42_SC,,1160.72804122801
2024-10-04 00:00:00,P47_CH,,1147.88369001013
2024-10-04 00:00:00,P47_SC,,1155.44445522828
2024-10-04 00:00:00,P59_CL,,1156.14160884426
2024-10-04 00:00:00,P59_SC,,1157.64173368521
2024-10-04 00:00:00,P59_SM,,1155.25110163727
2024-10-05 00:00:00,BH21-P60_CH,,1151.6015987179499
2024-10-05 00:00:00,BH21-P60_GP-GC,,1157.08317240312
2024-10-05 00:00:00,P42_CH,,1162.05309779138
2024-10-05 00:00:00,P42_CL,,1157.04209735936
2024-10-05 00:00:00,P42_SC,,1160.75808690657
2024-10-05 00:00:00,P47_CH,,1147.85308986557
2024-10-05 00:00:00,P47_SC,,1155.56244643808
2024-10-05 00:00:00,P59_CL,,1156.47629123077
2024-10-05 00:00:00,P59_SC,,1157.85709272487
2024-10-05 00:00:00,P59_SM,,1155.53641138955
2024-10-06 00:00:00,BH21-P60_CH,,1151.625699249935
2024-10-06 00:00:00,BH21-P60_GP-GC,,1157.14804117209
2024-10-06 00:00:00,P42_CH,,1162.0605022982
2024-10-06 00:00:00,P42_CL,,1157.05497542934
2024-10-06 00:00:00,P42_SC,,1160.62406122222
2024-10-06 00:00:00,P47_CH,,1147.68467632095
2024-10-06 00:00:00,P47_SC,,1155.65121969203
2024-10-06 00:00:00,P59_CL,,1156.62150328253
2024-10-06 00:00:00,P59_SC,,1157.95019360761
2024-10-06 00:00:00,P59_SM,,1155.70110282181
2024-10-07 00:00:00,BH21-P60_CH,,1151.6409448514
2024-10-07 00:00:00,BH21-P60_GP-GC,,1157.17329580517
2024-10-07 00:00:00,P42_CH,,1162.02948183901
2024-10-07 00:00:00,P42_CL,,1157.00879189128
2024-10-07 00:00:00,P42_SC,,1160.70541075205
2024-10-07 00:00:00,P47_CH,,1147.85399630768
2024-10-07 00:00:00,P47_SC,,1155.68209552399
2024-10-07 00:00:00,P59_CL,,1156.60505873579
2024-10-07 00:00:00,P59_SC,,1157.92172732827
2024-10-07 00:00:00,P59_SM,,1155.69470810008
2024-10-08 00:00:00,BH21-P60_CH,,1151.626216318305
2024-10-08 00:00:00,BH21-P60_GP-GC,,1157.1123268692
2024-10-08 00:00:00,P42_CH,,1162.01018512245
2024-10-08 00:00:00,P42_CL,,1156.99780105052
2024-10-08 00:00:00,P42_SC,,1160.64180330749
2024-10-08 00:00:00,P47_CH,,1147.84655722618
2024-10-08 00:00:00,P47_SC,,1155.60767966477
2024-10-08 00:00:00,P59_CL,,1156.50429640994
2024-10-08 00:00:00,P59_SC,,1157.87632370314
2024-10-08 00:00:00,P59_SM,,1155.61832412886
2024-10-09 00:00:00,BH21-P60_CH,,1151.5931585520052
2024-10-09 00:00:00,BH21-P60_GP-GC,,1157.06371721221
2024-10-09 00:00:00,P42_CH,,1162.02258214831
2024-10-09 00:00:00,P42_CL,,1157.02355733587
2024-10-09 00:00:00,P42_SC,,1160.53963459052
2024-10-09 00:00:00,P47_CH,,1147.71237054891
2024-10-09 00:00:00,P47_SC,,1155.55507992547
2024-10-09 00:00:00,P59_CL,,1156.57760043204
2024-10-09 00:00:00,P59_SC,,1157.88674424697
2024-10-09 00:00:00,P59_SM,,1155.66597992804
2024-10-10 00:00:00,BH21-P60_CH,,1151.6196055863002
2024-10-10 00:00:00,BH21-P60_GP-GC,,1157.12921975745
2024-10-10 00:00:00,P42_CH,,1161.96788918767
2024-10-10 00:00:00,P42_CL,,1156.94467839959
2024-10-10 00:00:00,P42_SC,,1160.56594593704
2024-10-10 00:00:00,P47_CH,,1147.64998017555
2024-10-10 00:00:00,P47_SC,,1155.63053118486
2024-10-10 00:00:00,P59_CL,,1156.69228683953
2024-10-10 00:00:00,P59_SC,,1157.96933305586
2024-10-10 00:00:00,P59_SM,,1155.76620629343
2024-10-11 00:00:00,BH21-P60_CH,,1151.593537337505
2024-10-11 00:00:00,BH21-P60_GP-GC,,1157.07255793218
2024-10-11 00:00:00,P42_CH,,1161.97854734355
2024-10-11 00:00:00,P42_CL,,1156.97037937938
2024-10-11 00:00:00,P42_SC,,1160.4491095517
2024-10-11 00:00:00,P47_CH,,1147.51497549551
2024-10-11 00:00:00,P47_SC,,1155.57627036792
2024-10-11 00:00:00,P59_CL,,1156.54261735588
2024-10-11 00:00:00,P59_SC,,1157.86538666376
2024-10-11 00:00:00,P59_SM,,1155.60611284179
2024-10-12 00:00:00,BH21-P60_CH,,1151.610450697365
2024-10-12 00:00:00,BH21-P60_GP-GC,,1157.09869989088
2024-10-12 00:00:00,P42_CH,,1161.97602304524
2024-10-12 00:00:00,P42_CL,,1156.97581931496
2024-10-12 00:00:00,P42_SC,,1160.39434348081
2024-10-12 00:00:00,P47_CH,,1147.55064159183
2024-10-12 00:00:00,P47_SC,,1155.60667657724
2024-10-12 00:00:00,P59_CL,,1156.65302685521
2024-10-12 00:00:00,P59_SC,,1157.96512542209
2024-10-12 00:00:00,P59_SM,,1155.64698837256
2024-10-13 00:00:00,BH21-P60_CH,,1151.5889031726751
2024-10-13 00:00:00,BH21-P60_GP-GC,,1157.05669248701
2024-10-13 00:00:00,P42_CH,,1161.93355857347
2024-10-13 00:00:00,P42_CL,,1156.92430627867
2024-10-13 00:00:00,P42_SC,,1160.38050082926
2024-10-13 00:00:00,P47_CH,,1147.54145157907
2024-10-13 00:00:00,P47_SC,,1155.5635435771
2024-10-13 00:00:00,P59_CL,,1156.53673118657
2024-10-13 00:00:00,P59_SC,,1157.90466874224
2024-10-13 00:00:00,P59_SM,,1155.57028214036
2024-10-14 00:00:00,BH21-P60_CH,,1151.569201687555
2024-10-14 00:00:00,BH21-P60_GP-GC,,1157.05614345991
2024-10-14 00:00:00,P42_CH,,1161.91201769216
2024-10-14 00:00:00,P42_CL,,1156.90043695746
2024-10-14 00:00:00,P42_SC,,1160.37758947414
2024-10-14 00:00:00,P47_CH,,1147.38256171538
2024-10-14 00:00:00,P47_SC,,1155.56288529372
2024-10-14 00:00:00,P59_CL,,1156.66774181177
2024-10-14 00:00:00,P59_SC,,1157.8921216029
2024-10-14 00:00:00,P59_SM,,1155.56064153829
2024-10-15 00:00:00,BH21-P60_CH,,1151.6106540632
2024-10-15 00:00:00,BH21-P60_GP-GC,,1157.13113428058
2024-10-15 00:00:00,P42_CH,,1161.9264343846
2024-10-15 00:00:00,P42_CL,,1156.91031775654
2024-10-15 00:00:00,P42_SC,,1160.34215872589
2024-10-15 00:00:00,P47_CH,,1147.29978569225
2024-10-15 00:00:00,P47_SC,,1155.64081275929
2024-10-15 00:00:00,P59_CL,,1156.85083965708
2024-10-15 00:00:00,P59_SC,,1158.09799060913
2024-10-15 00:00:00,P59_SM,,1155.73076262911
2024-10-16 00:00:00,BH21-P60_CH,,1151.5618052054201
2024-10-16 00:00:00,BH21-P60_GP-GC,,1157.10364108327
2024-10-16 00:00:00,P42_CH,,1161.89681561578
2024-10-16 00:00:00,P42_CL,,1156.88556022127
2024-10-16 00:00:00,P42_SC,,1160.20977233969
2024-10-16 00:00:00,P47_CH,,1147.19687642976
2024-10-16 00:00:00,P47_SC,,1155.6239798021
2024-10-16 00:00:00,P59_CL,,1156.79204299937
2024-10-16 00:00:00,P59_SC,,1158.06396582177
2024-10-16 00:00:00,P59_SM,,1155.57526310902
2024-10-17 00:00:00,BH21-P60_CH,,1151.578888510905
2024-10-17 00:00:00,BH21-P60_GP-GC,,1157.12813579911
2024-10-17 00:00:00,P42_CH,,1161.90163989526
2024-10-17 00:00:00,P42_CL,,1156.89310961391
2024-10-17 00:00:00,P42_SC,,1160.29546674357
2024-10-17 00:00:00,P47_CH,,1147.2782474465
2024-10-17 00:00:00,P47_SC,,1155.65206603779
2024-10-17 00:00:00,P59_CL,,1156.80800131517
2024-10-17 00:00:00,P59_SC,,1158.04944445181
2024-10-17 00:00:00,P59_SM,,1155.74744014931
2024-10-18 00:00:00,BH21-P60_CH,,1151.6045293316552
2024-10-18 00:00:00,BH21-P60_GP-GC,,1157.16876011781
2024-10-18 00:00:00,P42_CH,,1161.92665876863
2024-10-18 00:00:00,P42_CL,,1156.91947691124
2024-10-18 00:00:00,P42_SC,,1160.3105730103
2024-10-18 00:00:00,P47_CH,,1147.26971339894
2024-10-18 00:00:00,P47_SC,,1155.69363079944
2024-10-18 00:00:00,P59_CL,,1156.77587224228
2024-10-18 00:00:00,P59_SC,,1158.06888727983
2024-10-18 00:00:00,P59_SM,,1155.75004299303
2024-10-19 00:00:00,BH21-P60_CH,,1151.632329403125
2024-10-19 00:00:00,BH21-P60_GP-GC,,1157.19205486165
2024-10-19 00:00:00,P42_CH,,1161.90691294033
2024-10-19 00:00:00,P42_CL,,1156.89216594029
2024-10-19 00:00:00,P42_SC,,1160.34457571338
2024-10-19 00:00:00,P47_CH,,1147.29353367111
2024-10-19 00:00:00,P47_SC,,1155.71425629112
2024-10-19 00:00:00,P59_CL,,1156.76224991892
2024-10-19 00:00:00,P59_SC,,1158.10145383228
2024-10-19 00:00:00,P59_SM,,1155.7470224088
2024-10-20 00:00:00,BH21-P60_CH,,1151.5556645013248
2024-10-20 00:00:00,BH21-P60_GP-GC,,1157.06295195413
2024-10-20 00:00:00,P42_CH,,1161.83718494619
2024-10-20 00:00:00,P42_CL,,1156.81900307581
2024-10-20 00:00:00,P42_SC,,1160.17719717976
2024-10-20 00:00:00,P47_CH,,1147.19328144458
2024-10-20 00:00:00,P47_SC,,1155.58272778827
2024-10-20 00:00:00,P59_CL,,1156.57383817389
2024-10-20 00:00:00,P59_SC,,1157.98236606304
2024-10-20 00:00:00,P59_SM,,1155.57143901105
2024-10-21 00:00:00,BH21-P60_CH,,1151.58009583987
2024-10-21 00:00:00,BH21-P60_GP-GC,,1157.13107887204
2024-10-21 00:00:00,P42_CH,,1161.86859911008
2024-10-21 00:00:00,P42_CL,,1156.86219035636
2024-10-21 00:00:00,P42_SC,,1160.37033854622
2024-10-21 00:00:00,P47_CH,,1147.48568596938
2024-10-21 00:00:00,P47_SC,,1155.66548216159
2024-10-21 00:00:00,P59_CL,,1156.54501429851
2024-10-21 00:00:00,P59_SC,,1158.00015347585
2024-10-21 00:00:00,P59_SM,,1155.56745423282
2024-10-22 00:00:00,BH21-P60_CH,,1151.653811523655
2024-10-22 00:00:00,BH21-P60_GP-GC,,1157.26510958697
2024-10-22 00:00:00,P42_CH,,1161.95711882078
2024-10-22 00:00:00,P42_CL,,1156.95083998255
2024-10-22 00:00:00,P42_SC,,1160.95796673552
2024-10-22 00:00:00,P47_CH,,1147.86774920232
2024-10-22 00:00:00,P47_SC,,1155.78086525019
2024-10-22 00:00:00,P59_CL,,1156.59425748193
2024-10-22 00:00:00,P59_SC,,1158.06220381699
2024-10-22 00:00:00,P59_SM,,1155.5748453506
2024-10-23 00:00:00,P42_CH,,1161.91846874573
2024-10-23 00:00:00,P42_CL,,1156.90454470716
2024-10-23 00:00:00,P42_SC,,1160.75605457077
2024-10-23 00:00:00,P47_CH,,1147.70164921249
2024-10-23 00:00:00,P47_SC,,1155.67240962858
2024-10-23 00:00:00,P59_CL,,1156.49334316288
2024-10-23 00:00:00,P59_SC,,1157.981059726
2024-10-23 00:00:00,P59_SM,,1155.46828339724
2024-10-24 00:00:00,P42_CH,,1161.88823287609
2024-10-24 00:00:00,P42_CL,,1156.87356999196
2024-10-24 00:00:00,P42_SC,,1160.69832497983
2024-10-24 00:00:00,P47_CH,,1147.61872218075
2024-10-24 00:00:00,P47_SC,,1155.68604510571
2024-10-24 00:00:00,P59_CL,,1156.86258067651
2024-10-24 00:00:00,P59_SC,,1158.14636916946
2024-10-24 00:00:00,P59_SM,,1155.28115042061
2024-10-25 00:00:00,P42_CH,,1161.89204742863
2024-10-25 00:00:00,P42_CL,,1156.87823286146
2024-10-25 00:00:00,P42_SC,,1160.68591112748
2024-10-25 00:00:00,P47_CH,,1147.60365575747
2024-10-25 00:00:00,P47_SC,,1155.75817130977
2024-10-25 00:00:00,P59_CL,,1156.98453951101
2024-10-25 00:00:00,P59_SC,,1158.22460920947
2024-10-25 00:00:00,P59_SM,,1155.46828339724
2024-10-26 00:00:00,P42_CH,,1161.93013672006
2024-10-26 00:00:00,P42_CL,,1156.92164180052
2024-10-26 00:00:00,P42_SC,,1160.71771471004
2024-10-26 00:00:00,P47_CH,,1147.57746132842
2024-10-26 00:00:00,P47_SC,,1155.81142663912
2024-10-26 00:00:00,P59_CL,,1157.06347695148
2024-10-26 00:00:00,P59_SC,,1158.31041198344
2024-10-26 00:00:00,P59_SM,,1155.45822477968
2024-10-27 00:00:00,P42_CH,,1161.8892987072
2024-10-27 00:00:00,P42_CL,,1156.85985891644
2024-10-27 00:00:00,P42_SC,,1160.69387577002
2024-10-27 00:00:00,P47_CH,,1147.57605470245
2024-10-27 00:00:00,P47_SC,,1155.8486955472
2024-10-27 00:00:00,P59_CL,,1157.09875860613
2024-10-27 00:00:00,P59_SC,,1158.36846350822
2024-10-27 00:00:00,P59_SM,,1155.48277676034
2024-10-28 00:00:00,P42_CH,,1161.88318419975
2024-10-28 00:00:00,P42_CL,,1156.86740833801
2024-10-28 00:00:00,P42_SC,,1160.64740606108
2024-10-28 00:00:00,P47_CH,,1147.49850211185
2024-10-28 00:00:00,P47_SC,,1155.8034963728
2024-10-28 00:00:00,P59_CL,,1157.21664489196
2024-10-28 00:00:00,P59_SC,,1158.32853227918
2024-10-28 00:00:00,P59_SM,,1155.61941671589
2024-10-29 00:00:00,BH21-P60_CH,,1151.660465716155
2024-10-29 00:00:00,BH21-P60_GP-GC,,1157.25060728059
2024-10-29 00:00:00,P42_CH,,1161.84997501917
2024-10-29 00:00:00,P42_CL,,1156.8324366813
2024-10-29 00:00:00,P42_SC,,1160.62318235604
2024-10-29 00:00:00,P47_CH,,1147.45345791475
2024-10-29 00:00:00,P47_SC,,1155.78584912329
2024-10-29 00:00:00,P59_CL,,1157.1067978024
2024-10-29 00:00:00,P59_SC,,1158.28421109405
2024-10-29 00:00:00,P59_SM,,1155.48110568788
2024-10-30 00:00:00,BH21-P60_CH,,1151.65425412972
2024-10-30 00:00:00,BH21-P60_GP-GC,,1157.22149598543
2024-10-30 00:00:00,P42_CH,,1161.84027027339
2024-10-30 00:00:00,P42_CL,,1156.83043829541
2024-10-30 00:00:00,P42_SC,,1160.61230637711
2024-10-30 00:00:00,P47_CH,,1147.44054787922
2024-10-30 00:00:00,P47_SC,,1155.75904897835
2024-10-30 00:00:00,P59_CL,,1157.02743653999
2024-10-30 00:00:00,P59_SC,,1158.26132126712
2024-10-30 00:00:00,P59_SM,,1155.39758331494
2024-10-31 00:00:00,BH21-P60_CH,,1151.6441731701
2024-10-31 00:00:00,BH21-P60_GP-GC,,1157.21252887841
2024-10-31 00:00:00,P42_CH,,1161.80795840162
2024-10-31 00:00:00,P42_CL,,1156.78836103201
2024-10-31 00:00:00,P42_SC,,1160.59566279792
2024-10-31 00:00:00,P47_CH,,1147.43004477488
2024-10-31 00:00:00,P47_SC,,1155.75234107791
2024-10-31 00:00:00,P59_CL,,1156.9636065561
2024-10-31 00:00:00,P59_SC,,1158.23841613693
2024-10-31 00:00:00,P59_SM,,1155.52686711309
2024-11-01 00:00:00,BH21-P60_CH,,1151.669173302555
2024-11-01 00:00:00,BH21-P60_GP-GC,,1157.25782876568
2024-11-01 00:00:00,P42_CH,,1161.81020228742
2024-11-01 00:00:00,P42_CL,,1156.79541093492
2024-11-01 00:00:00,P42_SC,,1160.65718340367
2024-11-01 00:00:00,P47_CH,,1147.491468867
2024-11-01 00:00:00,P47_SC,,1155.81020418802
2024-11-01 00:00:00,P59_CL,,1156.97028084408
2024-11-01 00:00:00,P59_SC,,1158.36130963157
2024-11-01 00:00:00,P59_SM,,1155.60521306128
2024-11-02 00:00:00,BH21-P60_CH,,1151.6674066236951
2024-11-02 00:00:00,BH21-P60_GP-GC,,1157.24048591942
2024-11-02 00:00:00,P42_CH,,1161.77536586246
2024-11-02 00:00:00,P42_CL,,1156.7506133943
2024-11-02 00:00:00,P42_SC,,1160.63548647161
2024-11-02 00:00:00,P47_CH,,1147.51050549354
2024-11-02 00:00:00,P47_SC,,1155.79236889766
2024-11-02 00:00:00,P59_CL,,1156.89537645876
2024-11-02 00:00:00,P59_SC,,1158.31683687436
2024-11-02 00:00:00,P59_SM,,1155.6935191306
2024-11-03 00:00:00,BH21-P60_CH,,1151.662134035525
2024-11-03 00:00:00,BH21-P60_GP-GC,,1157.22739427637
2024-11-03 00:00:00,P42_CH,,1161.69239710909
2024-11-03 00:00:00,P42_CL,,1156.64886024804
2024-11-03 00:00:00,P42_SC,,1160.57286706665
2024-11-03 00:00:00,P47_CH,,1147.42529336329
2024-11-03 00:00:00,P47_SC,,1155.78396841719
2024-11-03 00:00:00,P59_CL,,1156.86458301729
2024-11-03 00:00:00,P59_SC,,1158.32008728856
2024-11-03 00:00:00,P59_SM,,1155.68252917976
2024-11-04 00:00:00,BH21-P60_CH,,1151.686343540545
2024-11-04 00:00:00,BH21-P60_GP-GC,,1157.25412652435
2024-11-04 00:00:00,P42_CH,,1161.77738537107
2024-11-04 00:00:00,P42_CL,,1156.75955072184
2024-11-04 00:00:00,P42_SC,,1160.59615716228
2024-11-04 00:00:00,P47_CH,,1147.43004477488
2024-11-04 00:00:00,P47_SC,,1155.81258640009
2024-11-04 00:00:00,P59_CL,,1156.8887020394
2024-11-04 00:00:00,P59_SC,,1158.3633449182
2024-11-04 00:00:00,P59_SM,,1155.69053063817
2024-11-05 00:00:00,BH21-P60_CH,,1151.65675961387
2024-11-05 00:00:00,BH21-P60_GP-GC,,1157.2467501861
2024-11-05 00:00:00,P42_CH,,1161.73918288068
2024-11-05 00:00:00,P42_CL,,1156.71869427018
2024-11-05 00:00:00,P42_SC,,1160.52551760232
2024-11-05 00:00:00,P47_CH,,1147.3399860015
2024-11-05 00:00:00,P47_SC,,1155.80866828739
2024-11-05 00:00:00,P59_CL,,1157.03116801258
2024-11-05 00:00:00,P59_SC,,1158.48102547956
2024-11-05 00:00:00,P59_SM,,1155.93728264402
2024-11-06 00:00:00,BH21-P60_CH,,1151.634556459655
2024-11-06 00:00:00,BH21-P60_GP-GC,,1157.22512786959
2024-11-06 00:00:00,P42_CH,,1161.66810650568
2024-11-06 00:00:00,P42_CL,,1156.63414949088
2024-11-06 00:00:00,P42_SC,,1160.43647549455
2024-11-06 00:00:00,P47_CH,,1147.2574280961
2024-11-06 00:00:00,P47_SC,,1155.80033053089
2024-11-06 00:00:00,P59_CL,,1156.95499063975
2024-11-06 00:00:00,P59_SC,,1158.45367124549
2024-11-06 00:00:00,P59_SM,,1155.90460389698
2024-11-07 00:00:00,BH21-P60_CH,,1151.623021981015
2024-11-07 00:00:00,BH21-P60_GP-GC,,1157.25519637389
2024-11-07 00:00:00,P42_CH,,1161.67175290761
2024-11-07 00:00:00,P42_CL,,1156.65080317581
2024-11-07 00:00:00,P42_SC,,1160.2706923892
2024-11-07 00:00:00,P47_CH,,1147.22869975107
2024-11-07 00:00:00,P47_SC,,1155.8362517197
2024-11-07 00:00:00,P59_CL,,1157.40666285774
2024-11-07 00:00:00,P59_SC,,1158.6059476578
2024-11-07 00:00:00,P59_SM,,1156.06304674572
2024-11-08 00:00:00,BH21-P60_CH,,1151.6275347072901
2024-11-08 00:00:00,BH21-P60_GP-GC,,1157.2989755141
2024-11-08 00:00:00,P42_CH,,1161.6779237364
2024-11-08 00:00:00,P42_CL,,1156.66246073066
2024-11-08 00:00:00,P42_SC,,1160.14231465833
2024-11-08 00:00:00,P47_CH,,1147.20119040856
2024-11-08 00:00:00,P47_SC,,1155.88853434333
2024-11-08 00:00:00,P59_CL,,1157.5392511901
2024-11-08 00:00:00,P59_SC,,1158.6994130432
2024-11-08 00:00:00,P59_SM,,1156.19793191592
2024-11-09 00:00:00,BH21-P60_CH,,1151.61988852273
2024-11-09 00:00:00,BH21-P60_GP-GC,,1157.31151794428
2024-11-09 00:00:00,P42_CH,,1161.65733558201
2024-11-09 00:00:00,P42_CL,,1156.63992277301
2024-11-09 00:00:00,P42_SC,,1159.99432276726
2024-11-09 00:00:00,P47_CH,,1147.09490289074
2024-11-09 00:00:00,P47_SC,,1155.91129023725
2024-11-09 00:00:00,P59_CL,,1157.44154698958
2024-11-09 00:00:00,P59_SC,,1158.65053911582
2024-11-09 00:00:00,P59_SM,,1156.20798868008
2024-11-10 00:00:00,BH21-P60_CH,,1151.6377916266451
2024-11-10 00:00:00,BH21-P60_GP-GC,,1157.35201665198
2024-11-10 00:00:00,P42_CH,,1161.6578404695
2024-11-10 00:00:00,P42_CL,,1156.63992277301
2024-11-10 00:00:00,P42_SC,,1160.02365773384
2024-11-10 00:00:00,P47_CH,,1147.12582028698
2024-11-10 00:00:00,P47_SC,,1155.96808537835
2024-11-10 00:00:00,P59_CL,,1157.55375038884
2024-11-10 00:00:00,P59_SC,,1158.79087180357
2024-11-10 00:00:00,P59_SM,,1156.27986328641
2024-11-11 00:00:00,BH21-P60_CH,,1151.611824975235
2024-11-11 00:00:00,BH21-P60_GP-GC,,1157.32190659607
2024-11-11 00:00:00,P42_CH,,1161.62002988444
2024-11-11 00:00:00,P42_CL,,1156.5966785486
2024-11-11 00:00:00,P42_SC,,1159.98970826594
2024-11-11 00:00:00,P47_CH,,1147.11778615891
2024-11-11 00:00:00,P47_SC,,1155.92940709665
2024-11-11 00:00:00,P59_CL,,1157.54604580057
2024-11-11 00:00:00,P59_SC,,1158.75923657338
2024-11-11 00:00:00,P59_SM,,1156.26656160117
2024-11-12 00:00:00,BH21-P60_CH,,1151.61624994566
2024-11-12 00:00:00,BH21-P60_GP-GC,,1157.33147877327
2024-11-12 00:00:00,P42_CH,,1161.57829209776
2024-11-12 00:00:00,P42_CL,,1156.54827133254
2024-11-12 00:00:00,P42_SC,,1159.93966268742
2024-11-12 00:00:00,P47_CH,,1147.12260038506
2024-11-12 00:00:00,P47_SC,,1155.94438948973
2024-11-12 00:00:00,P59_CL,,1157.69015541688
2024-11-12 00:00:00,P59_SC,,1158.81568776526
2024-11-12 00:00:00,P59_SM,,1156.41634759653
2024-11-13 00:00:00,BH21-P60_CH,,1151.6002259883398
2024-11-13 00:00:00,BH21-P60_GP-GC,,1157.39268389553
2024-11-13 00:00:00,P42_CH,,1161.58659479969
2024-11-13 00:00:00,P42_CL,,1156.56586895035
2024-11-13 00:00:00,P42_SC,,1159.80748774755
2024-11-13 00:00:00,P47_CH,,1147.0851805962
2024-11-13 00:00:00,P59_CL,,1157.8709292823
2024-11-13 00:00:00,P59_SC,,1158.85793837784
2024-11-13 00:00:00,P59_SM,,1156.52821757351
2024-11-14 00:00:00,BH21-P60_CH,,1151.5569508322
2024-11-14 00:00:00,BH21-P60_GP-GC,,1157.31510752193
2024-11-14 00:00:00,P42_CH,,1161.58861437404
2024-11-14 00:00:00,P42_CL,,1156.56675715696
2024-11-14 00:00:00,P42_SC,,1159.81781572944
2024-11-14 00:00:00,P47_CH,,1147.03281743086
2024-11-14 00:00:00,P47_SC,,1155.93514304033
2024-11-14 00:00:00,P59_CL,,1157.7191829404
2024-11-14 00:00:00,P59_SC,,1158.72593050009
2024-11-14 00:00:00,P59_SM,,1156.30139007491
2024-11-15 00:00:00,BH21-P60_CH,,1151.53035502668
2024-11-15 00:00:00,BH21-P60_GP-GC,,1157.26200961992
2024-11-15 00:00:00,P42_CH,,1161.5794140852
2024-11-15 00:00:00,P42_CL,,1156.55237929792
2024-11-15 00:00:00,P42_SC,,1159.83303299165
2024-11-15 00:00:00,P47_CH,,1147.0177492423
2024-11-15 00:00:00,P47_SC,,1155.87430400822
2024-11-15 00:00:00,P59_CL,,1157.59582201877
2024-11-15 00:00:00,P59_SC,,1158.6433249277
2024-11-15 00:00:00,P59_SM,,1156.17447674505
2024-11-16 00:00:00,BH21-P60_CH,,1151.5712944761299
2024-11-16 00:00:00,BH21-P60_GP-GC,,1157.33820743799
2024-11-16 00:00:00,P42_CH,,1161.61273701326
2024-11-16 00:00:00,P42_CL,,1156.58252280481
2024-11-16 00:00:00,P42_SC,,1160.0114073802
2024-11-16 00:00:00,P47_CH,,1147.12582028698
2024-11-16 00:00:00,P47_SC,,1155.94962391099
2024-11-16 00:00:00,P59_CL,,1157.61177696366
2024-11-16 00:00:00,P59_SC,,1158.70245056035
2024-11-16 00:00:00,P59_SM,,1156.10276090653
2024-11-17 00:00:00,BH21-P60_CH,,1151.54946603687
2024-11-17 00:00:00,BH21-P60_GP-GC,,1157.33283013774
2024-11-17 00:00:00,P42_CH,,1161.6451060715
2024-11-17 00:00:00,P42_CL,,1156.62093753809
2024-11-17 00:00:00,P42_SC,,1159.98080886117
2024-11-17 00:00:00,P47_CH,,1147.13819969639
2024-11-17 00:00:00,P47_SC,,1155.94006403469
2024-11-17 00:00:00,P59_CL,,1157.56242561521
2024-11-17 00:00:00,P59_SC,,1158.70175193158
2024-11-17 00:00:00,P59_SM,,1156.11464937338
2024-11-18 00:00:00,BH21-P60_CH,,1151.54962545445
2024-11-18 00:00:00,BH21-P60_GP-GC,,1157.29220455731
2024-11-18 00:00:00,P42_CH,,1161.62014208238
2024-11-18 00:00:00,P42_CL,,1156.58824061865
2024-11-18 00:00:00,P42_SC,,1159.80138983555
2024-11-18 00:00:00,P47_CH,,1147.08180436088
2024-11-18 00:00:00,P47_SC,,1155.89477185322
2024-11-18 00:00:00,P59_CL,,1157.50169861514
2024-11-18 00:00:00,P59_SC,,1158.74827126267
2024-11-18 00:00:00,P59_SM,,1155.90106930663
2024-11-19 00:00:00,BH21-P60_CH,,1151.5118436103899
2024-11-19 00:00:00,BH21-P60_GP-GC,,1157.26834423978
2024-11-19 00:00:00,P42_CH,,1161.50822355199
2024-11-19 00:00:00,P42_CL,,1156.45123379691
2024-11-19 00:00:00,P42_SC,,1159.70920628032
2024-11-19 00:00:00,P47_CH,,1147.00674505931
2024-11-19 00:00:00,P47_SC,,1155.86690672164
2024-11-19 00:00:00,P59_CL,,1157.43975728973
2024-11-19 00:00:00,P59_SC,,1158.70911790345
2024-11-19 00:00:00,P59_SM,,1155.87362792655
2024-11-20 00:00:00,BH21-P60_CH,,1151.5206334188601
2024-11-20 00:00:00,BH21-P60_GP-GC,,1157.26985047024
2024-11-20 00:00:00,P42_CH,,1161.50614784957
2024-11-20 00:00:00,P42_CL,,1156.44707025567
2024-11-20 00:00:00,P42_SC,,1159.71277718165
2024-11-20 00:00:00,P47_CH,,1146.98689370207
2024-11-20 00:00:00,P47_SC,,1155.86427378585
2024-11-20 00:00:00,P59_CL,,1157.57592374278
2024-11-20 00:00:00,P59_SC,,1158.6688706965
2024-11-20 00:00:00,P59_SM,,1155.99264632506
2024-11-21 00:00:00,BH21-P60_CH,,1151.48865896823
2024-11-21 00:00:00,BH21-P60_GP-GC,,1157.25795545829
2024-11-21 00:00:00,P42_CH,,1161.61436388532
2024-11-21 00:00:00,P42_CL,,1156.59157138174
2024-11-21 00:00:00,P42_SC,,1159.65168702691
2024-11-21 00:00:00,P47_CH,,1146.97079372456
2024-11-21 00:00:00,P47_SC,,1155.85690782539
2024-11-21 00:00:00,P59_CL,,1157.50154694809
2024-11-21 00:00:00,P59_SC,,1158.59563506206
2024-11-21 00:00:00,P59_SM,,1156.00498496362
2024-11-22 00:00:00,BH21-P60_CH,,1151.46609892025
2024-11-22 00:00:00,BH21-P60_GP-GC,,1157.21862426089
2024-11-22 00:00:00,DH12-11_CH,,1157.54398284892
2024-11-22 00:00:00,DH12-13_CH,,1159.80483921219
2024-11-22 00:00:00,P42_CH,,1161.61464438045
2024-11-22 00:00:00,P42_CL,,1156.59318124997
2024-11-22 00:00:00,P42_SC,,1159.59674934114
2024-11-22 00:00:00,P47_CH,,1146.95009814336
2024-11-22 00:00:00,P47_SC,,1155.81769561331
2024-11-22 00:00:00,P59_CL,,1157.40183972217
2024-11-22 00:00:00,P59_SC,,1158.5311314522
2024-11-22 00:00:00,P59_SM,,1155.90389697916
2024-11-23 00:00:00,BH21-P60_CH,,1151.39267732842
2024-11-23 00:00:00,BH21-P60_GP-GC,,1157.16831246125
2024-11-23 00:00:00,DH12-11_CH,,1157.49497187399
2024-11-23 00:00:00,DH12-13_CH,,1159.8447424953001
2024-11-23 00:00:00,P42_CH,,1161.5718967652
2024-11-23 00:00:00,P42_CL,,1156.54127668298
2024-11-23 00:00:00,P42_SC,,1159.58279509412
2024-11-23 00:00:00,P47_CH,,1146.90679970932
2024-11-23 00:00:00,P47_SC,,1155.76440902161
2024-11-23 00:00:00,P59_CL,,1157.2955168472
2024-11-23 00:00:00,P59_SC,,1158.45558498399
2024-11-23 00:00:00,P59_SM,,1155.67562027714
2024-11-24 00:00:00,BH21-P60_CH,,1151.42514032855
2024-11-24 00:00:00,BH21-P60_GP-GC,,1157.16445529278
2024-11-24 00:00:00,DH12-11_CH,,1157.49727114513
2024-11-24 00:00:00,DH12-13_CH,,1159.87558942429
2024-11-24 00:00:00,P42_CH,,1161.60802469162
2024-11-24 00:00:00,P42_CL,,1156.58946189864
2024-11-24 00:00:00,P42_SC,,1159.50659558048
2024-11-24 00:00:00,P47_CH,,1146.88829224988
2024-11-24 00:00:00,P47_SC,,1155.76074162436
2024-11-24 00:00:00,P59_CL,,1157.25222848035
2024-11-24 00:00:00,P59_SC,,1158.43793603199
2024-11-24 00:00:00,P59_SM,,1155.63137088399
2024-11-25 00:00:00,BH21-P60_CH,,1151.45536767769
2024-11-25 00:00:00,BH21-P60_GP-GC,,1157.21762478768
2024-11-25 00:00:00,DH12-11_CH,,1157.5370370250448
2024-11-25 00:00:00,DH12-13_CH,,1158.63302028005
2024-11-25 00:00:00,P42_CH,,1161.63366191904
2024-11-25 00:00:00,P42_CL,,1156.61516423962
2024-11-25 00:00:00,P42_SC,,1159.5213740716
2024-11-25 00:00:00,P47_CH,,1146.91855441151
2024-11-25 00:00:00,P47_SC,,1155.81807175145
2024-11-25 00:00:00,P59_CL,,1157.28277610362
2024-11-25 00:00:00,P59_SC,,1158.48902971378
2024-11-25 00:00:00,P59_SM,,1155.6788337217
2024-11-26 00:00:00,BH21-P60_CH,,1151.395100994525
2024-11-26 00:00:00,BH21-P60_GP-GC,,1157.11890102612
2024-11-26 00:00:00,DH12-11_CH,,1157.46265583066
2024-11-26 00:00:00,DH12-13_CH,,1158.800992954515
2024-11-26 00:00:00,P42_CH,,1161.55007404223
2024-11-26 00:00:00,P42_CL,,1156.51501892551
2024-11-26 00:00:00,P42_SC,,1158.87405527593
2024-11-26 00:00:00,P47_CH,,1146.77193128243
2024-11-26 00:00:00,P47_SC,,1155.72008657813
2024-11-26 00:00:00,P59_CL,,1157.20375220534
2024-11-26 00:00:00,P59_SC,,1158.43523248601
2024-11-26 00:00:00,P59_SM,,1155.56684366161
2024-11-27 00:00:00,BH21-P60_CH,,1151.3471810506
2024-11-27 00:00:00,BH21-P60_GP-GC,,1157.03625173824
2024-11-27 00:00:00,DH12-11_CH,,1157.4465714058301
2024-11-27 00:00:00,DH12-13_CH,,1158.833799228255
2024-11-27 00:00:00,P42_CH,,1161.43119766461
2024-11-27 00:00:00,P42_CL,,1156.37523488401
2024-11-27 00:00:00,P42_SC,,1158.35695551924
2024-11-27 00:00:00,P47_CH,,1146.55852286056
2024-11-27 00:00:00,P47_SC,,1155.64664315263
2024-11-27 00:00:00,P59_CL,,1157.14723621884
2024-11-27 00:00:00,P59_SC,,1158.39955464306
2024-11-27 00:00:00,P59_SM,,1155.54270995687
2024-11-28 00:00:00,BH21-P60_CH,,1151.3961982
2024-11-28 00:00:00,BH21-P60_GP-GC,,1157.03095852571
2024-11-28 00:00:00,DH12-11_CH,,1157.463181471735
2024-11-28 00:00:00,DH12-13_CH,,1158.84305331069
2024-11-28 00:00:00,P42_CH,,1161.4446057404
2024-11-28 00:00:00,P42_CL,,1156.40104907443
2024-11-28 00:00:00,P42_SC,,1158.1778208312
2024-11-28 00:00:00,P47_CH,,1146.45012690427
2024-11-28 00:00:00,P47_SC,,1155.64852392288
2024-11-28 00:00:00,P59_CL,,1157.13601179525
2024-11-28 00:00:00,P59_SC,,1158.39824842473
2024-11-28 00:00:00,P59_SM,,1155.49649880978
2024-11-29 00:00:00,BH21-P60_CH,,1151.225954359435
2024-11-29 00:00:00,BH21-P60_GP-GC,,1156.98353048698
2024-11-29 00:00:00,DH12-11_CH,,1157.41444303967
2024-11-29 00:00:00,DH12-13_CH,,1158.960072826375
2024-11-29 00:00:00,P42_CH,,1161.44185680688
2024-11-29 00:00:00,P42_CL,,1156.40110458871
2024-11-29 00:00:00,P42_SC,,1158.06852423866
2024-11-29 00:00:00,P47_CH,,1146.38862749077
2024-11-29 00:00:00,P47_SC,,1155.59899668006
2024-11-29 00:00:00,P59_CL,,1157.0565601313
2024-11-29 00:00:00,P59_SC,,1158.33834424517
2024-11-29 00:00:00,P59_SM,,1155.36345401148
2024-11-30 00:00:00,BH21-P60_CH,,1151.19688890029
2024-11-30 00:00:00,BH21-P60_GP-GC,,1156.95940097191
2024-11-30 00:00:00,DH12-11_CH,,1157.36800562692
2024-11-30 00:00:00,DH12-13_CH,,1159.017092781845
2024-11-30 00:00:00,P42_CH,,1161.42154831893
2024-11-30 00:00:00,P42_CL,,1156.3813969901
2024-11-30 00:00:00,P42_SC,,1158.05280823587
2024-11-30 00:00:00,P47_CH,,1146.35007663409
2024-11-30 00:00:00,P47_SC,,1155.57470303132
2024-11-30 00:00:00,P59_CL,,1156.99333738523
2024-11-30 00:00:00,P59_SC,,1158.29045375431
2024-11-30 00:00:00,P59_SM,,1155.3013327927
2024-12-01 00:00:00,BH21-P60_CH,,1151.16589494339
2024-12-01 00:00:00,BH21-P60_GP-GC,,1156.9261909915
2024-12-01 00:00:00,DH12-11_CH,,1157.38805676649
2024-12-01 00:00:00,DH12-13_CH,,1158.991711692305
2024-12-01 00:00:00,P42_CH,,1161.42799991811
2024-12-01 00:00:00,P42_CL,,1156.39177818307
2024-12-01 00:00:00,P42_SC,,1158.09830760703
2024-12-01 00:00:00,P47_CH,,1146.33797666892
2024-12-01 00:00:00,P47_SC,,1155.53997069574
2024-12-01 00:00:00,P59_CL,,1156.89152349992
2024-12-01 00:00:00,P59_SC,,1158.23241643208
2024-12-01 00:00:00,P59_SM,,1155.26138573817
2024-12-02 00:00:00,BH21-P60_CH,,1151.2176252956701
2024-12-02 00:00:00,BH21-P60_GP-GC,,1157.06247838375
2024-12-02 00:00:00,DH12-11_CH,,1157.42630075122
2024-12-02 00:00:00,DH12-13_CH,,1159.03301888545
2024-12-02 00:00:00,P42_CH,,1161.48174426545
2024-12-02 00:00:00,P42_CL,,1156.45284369882
2024-12-02 00:00:00,P42_SC,,1158.44761994548
2024-12-02 00:00:00,P47_CH,,1146.45525442671
2024-12-02 00:00:00,P47_SC,,1155.68215821579
2024-12-02 00:00:00,P59_CL,,1156.99621944305
2024-12-02 00:00:00,P59_SC,,1158.34770052757
2024-12-02 00:00:00,P59_SM,,1155.37142396895
2024-12-03 00:00:00,BH21-P60_CH,,1151.2579856850598
2024-12-03 00:00:00,BH21-P60_GP-GC,,1157.15747296438
2024-12-03 00:00:00,DH12-11_CH,,1157.4421131142649
2024-12-03 00:00:00,DH12-13_CH,,1159.07336947926
2024-12-03 00:00:00,P42_CH,,1161.4641848414
2024-12-03 00:00:00,P42_CL,,1156.42597494038
2024-12-03 00:00:00,P42_SC,,1158.31431532249
2024-12-03 00:00:00,P47_CH,,1146.69561677622
2024-12-03 00:00:00,P47_SC,,1155.80312023329
2024-12-03 00:00:00,P59_CL,,1157.13212874371
2024-12-03 00:00:00,P59_SC,,1158.49601632048
2024-12-03 00:00:00,P59_SM,,1155.58098318154
2024-12-04 00:00:00,BH21-P60_CH,,1151.30265321853
2024-12-04 00:00:00,BH21-P60_GP-GC,,1157.22547979619
2024-12-04 00:00:00,DH12-11_CH,,1157.392411176935
2024-12-04 00:00:00,DH12-13_CH,,1159.10620364958
2024-12-04 00:00:00,P42_CH,,1161.48825189793
2024-12-04 00:00:00,P42_CL,,1156.45178893554
2024-12-04 00:00:00,P42_SC,,1158.26271810809
2024-12-04 00:00:00,P47_CH,,1146.7015881704
2024-12-04 00:00:00,P47_SC,,1155.88408345097
2024-12-04 00:00:00,P59_CL,,1157.32591244885
2024-12-04 00:00:00,P59_SC,,1158.62608676912
2024-12-04 00:00:00,P59_SM,,1155.74830776407
2024-12-05 00:00:00,BH21-P60_CH,,1151.311402716155
2024-12-05 00:00:00,BH21-P60_GP-GC,,1157.20588447933
2024-12-05 00:00:00,DH12-11_CH,,1157.4158979169551
2024-12-05 00:00:00,DH12-13_CH,,1159.11694849802
2024-12-05 00:00:00,P42_CH,,1161.44393253231
2024-12-05 00:00:00,P42_CL,,1156.38789217689
2024-12-05 00:00:00,P42_SC,,1158.39712276532
2024-12-05 00:00:00,P47_CH,,1146.65175338482
2024-12-05 00:00:00,P47_SC,,1155.85361664721
2024-12-05 00:00:00,P59_CL,,1157.26357390233
2024-12-05 00:00:00,P59_SC,,1158.55626776775
2024-12-05 00:00:00,P59_SM,,1155.63799064994
2024-12-06 00:00:00,BH21-P60_CH,,1151.2905812356548
2024-12-06 00:00:00,BH21-P60_GP-GC,,1157.2194266547
2024-12-06 00:00:00,DH12-11_CH,,1157.445792814
2024-12-06 00:00:00,DH12-13_CH,,1159.124897515625
2024-12-06 00:00:00,P42_CH,,1161.52875613588
2024-12-06 00:00:00,P42_CL,,1156.49375728337
2024-12-06 00:00:00,P42_SC,,1158.61224129368
2024-12-06 00:00:00,P47_CH,,1146.67107458396
2024-12-06 00:00:00,P47_SC,,1155.85524656436
2024-12-06 00:00:00,P59_CL,,1157.2013860134
2024-12-06 00:00:00,P59_SC,,1158.50218275146
2024-12-06 00:00:00,P59_SM,,1155.66038851494
2024-12-07 00:00:00,BH21-P60_CH,,1151.335999492465
2024-12-07 00:00:00,BH21-P60_GP-GC,,1157.28228037057
2024-12-07 00:00:00,DH12-11_CH,,1157.46802002077
2024-12-07 00:00:00,DH12-13_CH,,1159.160099779705
2024-12-07 00:00:00,P42_CH,,1161.5924852229
2024-12-07 00:00:00,P42_CL,,1156.56176099322
2024-12-07 00:00:00,P42_SC,,1158.69944054586
2024-12-07 00:00:00,P47_CH,,1146.71159258445
2024-12-07 00:00:00,P47_SC,,1155.91470674465
2024-12-07 00:00:00,P59_CL,,1157.250924058
2024-12-07 00:00:00,P59_SC,,1158.55822702765
2024-12-07 00:00:00,P59_SM,,1155.65026610937
2024-12-08 00:00:00,BH21-P60_CH,,1151.312051498315
2024-12-08 00:00:00,BH21-P60_GP-GC,,1157.21335942757
2024-12-08 00:00:00,DH12-11_CH,,1157.466468340745
2024-12-08 00:00:00,DH12-13_CH,,1159.16505108306
2024-12-08 00:00:00,P42_CH,,1161.56477213202
2024-12-08 00:00:00,P42_CL,,1156.52623261041
2024-12-08 00:00:00,P42_SC,,1158.61790076436
2024-12-08 00:00:00,P47_CH,,1146.64231160664
2024-12-08 00:00:00,P47_SC,,1155.83857122699
2024-12-08 00:00:00,P59_CL,,1157.17641956521
2024-12-08 00:00:00,P59_SC,,1158.49056373051
2024-12-08 00:00:00,P59_SM,,1155.59913953752
2024-12-09 00:00:00,BH21-P60_CH,,1151.2797373532999
2024-12-09 00:00:00,BH21-P60_GP-GC,,1157.1492377439
2024-12-09 00:00:00,DH12-11_CH,,1157.4260264484
2024-12-09 00:00:00,DH12-13_CH,,1158.05459609122
2024-12-09 00:00:00,P42_CH,,1161.54446407447
2024-12-09 00:00:00,P42_CL,,1156.50708051348
2024-12-09 00:00:00,P42_SC,,1158.62372506879
2024-12-09 00:00:00,P47_CH,,1146.56674547499
2024-12-09 00:00:00,P47_SC,,1155.76791968935
2024-12-09 00:00:00,P59_CL,,1157.08392396918
2024-12-09 00:00:00,P59_SC,,1158.40190887283
2024-12-09 00:00:00,P59_SM,,1155.50398646569
2024-12-10 00:00:00,BH21-P60_CH,,1151.278637265475
2024-12-10 00:00:00,BH21-P60_GP-GC,,1157.16739743985
2024-12-10 00:00:00,DH12-11_CH,,1157.445752536075
2024-12-10 00:00:00,DH12-13_CH,,1158.22993697844
2024-12-10 00:00:00,P42_CH,,1161.58244345021
2024-12-10 00:00:00,P42_CL,,1156.55226827186
2024-12-10 00:00:00,P42_SC,,1158.63993419011
2024-12-10 00:00:00,P47_CH,,1146.57509313436
2024-12-10 00:00:00,P47_SC,,1155.78644468004
2024-12-10 00:00:00,P59_CL,,1157.0760364086
2024-12-10 00:00:00,P59_SC,,1158.39764088119
2024-12-10 00:00:00,P59_SM,,1155.5693502165
2024-12-11 00:00:00,BH21-P60_CH,,1151.291161910175
2024-12-11 00:00:00,BH21-P60_GP-GC,,1157.21596369085
2024-12-11 00:00:00,DH12-11_CH,,1157.500646172185
2024-12-11 00:00:00,DH12-13_CH,,1158.35571190062
2024-12-11 00:00:00,P42_CH,,1161.58580940948
2024-12-11 00:00:00,P42_CL,,1156.54549567882
2024-12-11 00:00:00,P42_SC,,1158.81575931893
2024-12-11 00:00:00,P47_CH,,1146.71834555262
2024-12-11 00:00:00,P47_SC,,1155.8320201827
2024-12-11 00:00:00,P59_CL,,1157.07664314461
2024-12-11 00:00:00,P59_SC,,1158.4123889778
2024-12-11 00:00:00,P59_SM,,1155.5214683204
2024-12-12 00:00:00,BH21-P60_CH,,1151.2365934045301
2024-12-12 00:00:00,BH21-P60_GP-GC,,1157.18226299419
2024-12-12 00:00:00,DH12-11_CH,,1157.494704174475
2024-12-12 00:00:00,DH12-13_CH,,1158.37850092229
2024-12-12 00:00:00,P42_CH,,1161.59029735212
2024-12-12 00:00:00,P42_CL,,1156.54843787172
2024-12-12 00:00:00,P42_SC,,1158.90257120171
2024-12-12 00:00:00,P47_CH,,1146.7457012332
2024-12-12 00:00:00,P47_SC,,1155.79236889766
2024-12-12 00:00:00,P59_CL,,1157.0102656515
2024-12-12 00:00:00,P59_SC,,1158.3582415112
2024-12-12 00:00:00,P59_SM,,1155.41966115615
2024-12-13 00:00:00,BH21-P60_CH,,1151.2641253092652
2024-12-13 00:00:00,BH21-P60_GP-GC,,1157.17042404836
2024-12-13 00:00:00,DH12-11_CH,,1157.4733742051899
2024-12-13 00:00:00,DH12-13_CH,,1158.4525461224848
2024-12-13 00:00:00,P42_CH,,1161.60561243026
2024-12-13 00:00:00,P42_CL,,1156.57208639419
2024-12-13 00:00:00,P42_SC,,1158.71218791141
2024-12-13 00:00:00,P47_CH,,1146.65228487512
2024-12-13 00:00:00,P47_SC,,1155.78418783295
2024-12-13 00:00:00,P59_CL,,1157.02995452596
2024-12-13 00:00:00,P59_SC,,1158.3761793542
2024-12-13 00:00:00,P59_SM,,1155.51243818069
2024-12-14 00:00:00,BH21-P60_CH,,1151.24163815341
2024-12-14 00:00:00,BH21-P60_GP-GC,,1157.12129418566
2024-12-14 00:00:00,DH12-11_CH,,1157.42135778771
2024-12-14 00:00:00,DH12-13_CH,,1158.4786590184049
2024-12-14 00:00:00,P42_CH,,1161.55691819555
2024-12-14 00:00:00,P42_CL,,1156.51901588465
2024-12-14 00:00:00,P42_SC,,1158.53075535248
2024-12-14 00:00:00,P47_CH,,1146.53648118487
2024-12-14 00:00:00,P47_SC,,1155.74046117073
2024-12-14 00:00:00,P59_CL,,1157.00729259227
2024-12-14 00:00:00,P59_SC,,1158.35650999682
2024-12-14 00:00:00,P59_SM,,1155.48152345606
2024-12-15 00:00:00,BH21-P60_CH,,1151.187172288915
2024-12-15 00:00:00,BH21-P60_GP-GC,,1157.02800220737
2024-12-15 00:00:00,DH12-11_CH,,1157.4366401166749
2024-12-15 00:00:00,DH12-13_CH,,1158.5306639189498
2024-12-15 00:00:00,P42_CH,,1161.5394711986
2024-12-15 00:00:00,P42_CL,,1156.51302044505
2024-12-15 00:00:00,P42_SC,,1158.37459397149
2024-12-15 00:00:00,P47_CH,,1146.41623509934
2024-12-15 00:00:00,P47_SC,,1155.64632969084
2024-12-15 00:00:00,P59_CL,,1156.92987088497
2024-12-15 00:00:00,P59_SC,,1158.27562932095
2024-12-15 00:00:00,P59_SM,,1155.43139096417
2024-12-16 00:00:00,BH21-P60_CH,,1151.1347567785
2024-12-16 00:00:00,BH21-P60_GP-GC,,1156.95048962894
2024-12-16 00:00:00,DH12-11_CH,,1157.38023700651
2024-12-16 00:00:00,DH12-13_CH,,1158.594201586345
2024-12-16 00:00:00,P42_CH,,1161.42188492428
2024-12-16 00:00:00,P42_CL,,1156.37434665203
2024-12-16 00:00:00,P42_SC,,1158.20089981361
2024-12-16 00:00:00,P47_CH,,1146.29967555263
2024-12-16 00:00:00,P47_SC,,1155.56786943662
2024-12-16 00:00:00,P59_CL,,1156.85915242393
2024-12-16 00:00:00,P59_SC,,1158.20089886642
2024-12-16 00:00:00,P59_SM,,1155.27411227656
2024-12-17 00:00:00,BH21-P60_CH,,1151.119851556485
2024-12-17 00:00:00,BH21-P60_GP-GC,,1156.95920388079
2024-12-17 00:00:00,DH12-11_CH,,1157.39434050713
2024-12-17 00:00:00,DH12-13_CH,,1158.6144305749099
2024-12-17 00:00:00,P42_CH,,1161.41229166409
2024-12-17 00:00:00,P42_CL,,1156.36679667548
2024-12-17 00:00:00,P42_SC,,1158.07220595404
2024-12-17 00:00:00,P47_CH,,1146.2401753594
2024-12-17 00:00:00,P47_SC,,1155.58062756046
2024-12-17 00:00:00,P59_CL,,1156.88545584029
2024-12-17 00:00:00,P59_SC,,1158.21971829671
2024-12-17 00:00:00,P59_SM,,1155.29776553368
2024-12-18 00:00:00,BH21-P60_CH,,1151.116384006205
2024-12-18 00:00:00,BH21-P60_GP-GC,,1156.98592372204
2024-12-18 00:00:00,DH12-11_CH,,1157.372196816625
2024-12-18 00:00:00,DH12-13_CH,,1158.667159909855
2024-12-18 00:00:00,P42_CH,,1161.43243188209
2024-12-18 00:00:00,P42_CL,,1156.38617123057
2024-12-18 00:00:00,P42_SC,,1158.17408422625
2024-12-18 00:00:00,P47_CH,,1146.28141597847
2024-12-18 00:00:00,P47_SC,,1155.60965449261
2024-12-18 00:00:00,P59_CL,,1156.88754918396
2024-12-18 00:00:00,P59_SC,,1158.23042665481
2024-12-18 00:00:00,P59_SM,,1155.28738511327
2024-12-19 00:00:00,BH21-P60_CH,,1151.0720839332298
2024-12-19 00:00:00,BH21-P60_GP-GC,,1156.88840535146
2024-12-19 00:00:00,DH12-11_CH,,1157.301362076195
2024-12-19 00:00:00,DH12-13_CH,,1158.713725556315
2024-12-19 00:00:00,P42_CH,,1161.37206711964
2024-12-19 00:00:00,P42_CL,,1156.31794368068
2024-12-19 00:00:00,P42_SC,,1157.99401026214
2024-12-19 00:00:00,P47_CH,,1146.20443738347
2024-12-19 00:00:00,P47_SC,,1155.5029183613
2024-12-19 00:00:00,P59_CL,,1156.78442788592
2024-12-19 00:00:00,P59_SC,,1158.13162021812
2024-12-19 00:00:00,P59_SM,,1155.20957931205
2024-12-20 00:00:00,BH21-P60_CH,,1151.046724857225
2024-12-20 00:00:00,BH21-P60_GP-GC,,1156.8608824422
2024-12-20 00:00:00,DH12-11_CH,,1157.29330077456
2024-12-20 00:00:00,DH12-13_CH,,1158.71643258397
2024-12-20 00:00:00,P42_CH,,1161.34210890947
2024-12-20 00:00:00,P42_CL,,1156.2910188667
2024-12-20 00:00:00,P42_SC,,1157.88130348319
2024-12-20 00:00:00,P47_CH,,1146.13145983137
2024-12-20 00:00:00,P47_SC,,1155.47730753832
2024-12-20 00:00:00,P59_CL,,1156.75123673543
2024-12-20 00:00:00,P59_SC,,1158.09738302586
2024-12-20 00:00:00,P59_SM,,1155.1704026688
2024-12-21 00:00:00,BH21-P60_CH,,1151.06579432335
2024-12-21 00:00:00,BH21-P60_GP-GC,,1156.90403209094
2024-12-21 00:00:00,DH12-11_CH,,1157.29010927997
2024-12-21 00:00:00,DH12-13_CH,,1157.595467380165
2024-12-21 00:00:00,P42_CH,,1161.37616251837
2024-12-21 00:00:00,P42_CL,,1156.33321027978
2024-12-21 00:00:00,P42_SC,,1157.89438218691
2024-12-21 00:00:00,P47_CH,,1146.15975673778
2024-12-21 00:00:00,P47_SC,,1155.5216640012
2024-12-21 00:00:00,P59_CL,,1156.80787995941
2024-12-21 00:00:00,P59_SC,,1158.15088042523
2024-12-21 00:00:00,P59_SM,,1155.23223667122
2024-12-22 00:00:00,BH21-P60_CH,,1150.9574256902752
2024-12-22 00:00:00,BH21-P60_GP-GC,,1156.83549926504
2024-12-22 00:00:00,DH12-11_CH,,1157.29540122191
2024-12-22 00:00:00,DH12-13_CH,,1157.68480662196
2024-12-22 00:00:00,P42_CH,,1161.3655593568
2024-12-22 00:00:00,P42_CL,,1156.32582680165
2024-12-22 00:00:00,P42_SC,,1157.87877566343
2024-12-22 00:00:00,P47_CH,,1146.11748328927
2024-12-22 00:00:00,P47_SC,,1155.44874986801
2024-12-22 00:00:00,P59_CL,,1156.7358242929
2024-12-22 00:00:00,P59_SC,,1158.07941371408
2024-12-22 00:00:00,P59_SM,,1155.16378213186
2024-12-23 00:00:00,BH21-P60_CH,,1150.988221650805
2024-12-23 00:00:00,BH21-P60_GP-GC,,1156.81369185648
2024-12-23 00:00:00,DH12-11_CH,,1157.2922232973951
2024-12-23 00:00:00,DH12-13_CH,,1157.8032741494198
2024-12-23 00:00:00,P42_CH,,1161.33997704592
2024-12-23 00:00:00,P42_CL,,1156.29862444366
2024-12-23 00:00:00,P42_SC,,1157.99181219661
2024-12-23 00:00:00,P47_CH,,1146.08462106443
2024-12-23 00:00:00,P47_SC,,1155.42351487555
2024-12-23 00:00:00,P59_CL,,1156.69538150422
2024-12-23 00:00:00,P59_SC,,1158.04232045749
2024-12-23 00:00:00,P59_SM,,1155.13463235636
2024-12-24 00:00:00,BH21-P60_CH,,1151.020845930405
2024-12-24 00:00:00,BH21-P60_GP-GC,,1156.91138086226
2024-12-24 00:00:00,DH12-11_CH,,1157.248788355515
2024-12-24 00:00:00,DH12-13_CH,,1157.913432333585
2024-12-24 00:00:00,P42_CH,,1161.35523668353
2024-12-24 00:00:00,P42_CL,,1156.32194075726
2024-12-24 00:00:00,P42_SC,,1158.05093989732
2024-12-24 00:00:00,P47_CH,,1146.13483670817
2024-12-24 00:00:00,P47_SC,,1155.64491911247
2024-12-24 00:00:00,P59_CL,,1156.66252331822
2024-12-24 00:00:00,P59_SC,,1158.02418384211
2024-12-24 00:00:00,P59_SM,,1155.11477053585
2024-12-25 00:00:00,BH21-P60_CH,,1151.0056814495902
2024-12-25 00:00:00,BH21-P60_GP-GC,,1156.87931084445
2024-12-25 00:00:00,DH12-11_CH,,1157.291258933345
2024-12-25 00:00:00,DH12-13_CH,,1158.0236140735901
2024-12-25 00:00:00,P42_CH,,1161.33128127858
2024-12-25 00:00:00,P42_CL,,1156.28935341074
2024-12-25 00:00:00,P42_SC,,1158.09072440088
2024-12-25 00:00:00,P47_CH,,1146.09809741681
2024-12-25 00:00:00,P47_SC,,1155.54066032987
2024-12-25 00:00:00,P59_CL,,1156.65232903111
2024-12-25 00:00:00,P59_SC,,1158.02901420396
2024-12-25 00:00:00,P59_SM,,1155.11869148555
2024-12-26 00:00:00,BH21-P60_CH,,1151.0046811247698
2024-12-26 00:00:00,BH21-P60_GP-GC,,1156.89937223134
2024-12-26 00:00:00,DH12-11_CH,,1157.24475977794
2024-12-26 00:00:00,DH12-13_CH,,1158.12250868443
2024-12-26 00:00:00,P42_CH,,1161.30962595617
2024-12-26 00:00:00,P42_CL,,1156.25493389497
2024-12-26 00:00:00,P42_SC,,1158.12424430245
2024-12-26 00:00:00,P47_CH,,1146.12992772911
2024-12-26 00:00:00,P47_SC,,1155.54874784854
2024-12-26 00:00:00,P59_CL,,1156.70672858658
2024-12-26 00:00:00,P59_SC,,1158.07751500838
2024-12-26 00:00:00,P59_SM,,1155.15288714682
2024-12-27 00:00:00,BH21-P60_CH,,1151.009622590625
2024-12-27 00:00:00,BH21-P60_GP-GC,,1156.91077550418
2024-12-27 00:00:00,DH12-11_CH,,1157.286773574805
2024-12-27 00:00:00,DH12-13_CH,,1158.186947604295
2024-12-27 00:00:00,P42_CH,,1161.34962652731
2024-12-27 00:00:00,P42_CL,,1156.30928333993
2024-12-27 00:00:00,P42_SC,,1158.14710367602
2024-12-27 00:00:00,P47_CH,,1146.14309128631
2024-12-27 00:00:00,P47_SC,,1155.56294798738
2024-12-27 00:00:00,P59_CL,,1156.69799072937
2024-12-27 00:00:00,P59_SC,,1158.08450224146
2024-12-27 00:00:00,P59_SM,,1155.14938403325
2024-12-28 00:00:00,BH21-P60_CH,,1151.017666014525
2024-12-28 00:00:00,BH21-P60_GP-GC,,1156.85511035188
2024-12-28 00:00:00,DH12-11_CH,,1157.247920779445
2024-12-28 00:00:00,DH12-13_CH,,1158.25918287748
2024-12-28 00:00:00,P42_CH,,1161.32062193309
2024-12-28 00:00:00,P42_CL,,1156.2761407788
2024-12-28 00:00:00,P42_SC,,1158.11770518784
2024-12-28 00:00:00,P47_CH,,1146.13715049281
2024-12-28 00:00:00,P47_SC,,1155.49702506518
2024-12-28 00:00:00,P59_CL,,1156.61052003226
2024-12-28 00:00:00,P59_SC,,1158.01064968796
2024-12-28 00:00:00,P59_SM,,1155.05444527805
2024-12-29 00:00:00,BH21-P60_CH,,1150.96875152914
2024-12-29 00:00:00,BH21-P60_GP-GC,,1156.94159234545
2024-12-29 00:00:00,DH12-11_CH,,1157.27618613701
2024-12-29 00:00:00,DH12-13_CH,,1158.29748341308
2024-12-29 00:00:00,P42_CH,,1161.23871262468
2024-12-29 00:00:00,P42_CL,,1156.18115340245
2024-12-29 00:00:00,P42_SC,,1157.99373550399
2024-12-29 00:00:00,P47_CH,,1146.03790693091
2024-12-29 00:00:00,P47_SC,,1155.68808258684
2024-12-29 00:00:00,P59_CL,,1156.49419272334
2024-12-29 00:00:00,P59_SC,,1157.93583896906
2024-12-29 00:00:00,P59_SM,,1154.95227272891
2024-12-30 00:00:00,BH21-P60_CH,,1151.275572220875
2024-12-30 00:00:00,BH21-P60_GP-GC,,1157.27590354058
2024-12-30 00:00:00,DH12-11_CH,,1157.2164292821699
2024-12-30 00:00:00,DH12-13_CH,,1158.34544398086
2024-12-30 00:00:00,P42_CH,,1161.24106893601
2024-12-30 00:00:00,P42_CL,,1156.18348507829
2024-12-30 00:00:00,P42_SC,,1158.11341904188
2024-12-30 00:00:00,P47_CH,,1146.14381043451
2024-12-30 00:00:00,P47_SC,,1156.10959958742
2024-12-30 00:00:00,P59_CL,,1156.57168397601
2024-12-30 00:00:00,P59_SC,,1158.0810693848
2024-12-30 00:00:00,P59_SM,,1155.00520736876
2024-12-31 00:00:00,BH21-P60_CH,,1151.235564935655
2024-12-31 00:00:00,BH21-P60_GP-GC,,1157.05984587209
2024-12-31 00:00:00,DH12-11_CH,,1157.2598846783299
2024-12-31 00:00:00,DH12-13_CH,,1158.397554203935
2024-12-31 00:00:00,P42_CH,,1161.27315955696
2024-12-31 00:00:00,P42_CL,,1156.22534407331
2024-12-31 00:00:00,P42_SC,,1158.06522717832
2024-12-31 00:00:00,P47_CH,,1146.22644925536
2024-12-31 00:00:00,P47_SC,,1155.81412229922
2024-12-31 00:00:00,P59_CL,,1156.52629383305
2024-12-31 00:00:00,P59_SC,,1158.0294395186
2024-12-31 00:00:00,P59_SM,,1154.97213535316
2025-01-01 00:00:00,BH21-P60_CH,,1151.24511511289
2025-01-01 00:00:00,BH21-P60_GP-GC,,1157.04845707308
2025-01-01 00:00:00,DH12-11_CH,,1157.2563231302302
2025-01-01 00:00:00,DH12-13_CH,,1158.43393404499
2025-01-01 00:00:00,P42_CH,,1161.22844582841
2025-01-01 00:00:00,P42_CL,,1156.16732987906
2025-01-01 00:00:00,P42_SC,,1157.7682100525
2025-01-01 00:00:00,P47_CH,,1146.21316084997
2025-01-01 00:00:00,P47_SC,,1156.01315733183
2025-01-01 00:00:00,P59_CL,,1156.51852648161
2025-01-01 00:00:00,P59_SC,,1157.99181421062
2025-01-01 00:00:00,P59_SM,,1154.97464227933
2025-01-02 00:00:00,BH21-P60_CH,,1151.3977786609998
2025-01-02 00:00:00,BH21-P60_GP-GC,,1157.44082530544
2025-01-02 00:00:00,DH12-11_CH,,1157.286634275195
2025-01-02 00:00:00,DH12-13_CH,,1158.469738850445
2025-01-02 00:00:00,P42_CH,,1161.24667919724
2025-01-02 00:00:00,P42_CL,,1156.18154201515
2025-01-02 00:00:00,P42_SC,,1157.97257909119
2025-01-02 00:00:00,P47_CH,,1146.37246305581
2025-01-02 00:00:00,P47_SC,,1156.55733470096
2025-01-02 00:00:00,P59_CL,,1156.61382714686
2025-01-02 00:00:00,P59_SC,,1158.16541666368
2025-01-02 00:00:00,P59_SM,,1155.03050133099
2025-01-03 00:00:00,BH21-P60_CH,,1151.411881383145
2025-01-03 00:00:00,BH21-P60_GP-GC,,1157.49406175598
2025-01-03 00:00:00,DH12-11_CH,,1157.309034770655
2025-01-03 00:00:00,DH12-13_CH,,1157.30179058645
2025-01-03 00:00:00,P42_CH,,1161.28359458077
2025-01-03 00:00:00,P42_CL,,1156.22750918664
2025-01-03 00:00:00,P42_SC,,1157.98461352675
2025-01-03 00:00:00,P47_CH,,1146.35351589534
2025-01-03 00:00:00,P47_SC,,1156.51596689199
2025-01-03 00:00:00,P59_CL,,1156.59395407548
2025-01-03 00:00:00,P59_SC,,1158.20931369789
2025-01-03 00:00:00,P59_SM,,1155.01545995969
2025-01-04 00:00:00,BH21-P60_CH,,1151.3656370143249
2025-01-04 00:00:00,BH21-P60_GP-GC,,1157.30905450691
2025-01-04 00:00:00,DH12-11_CH,,1157.259113226145
2025-01-04 00:00:00,DH12-13_CH,,1157.23541668377
2025-01-04 00:00:00,P42_CH,,1161.28477272744
2025-01-04 00:00:00,P42_CL,,1156.23372694411
2025-01-04 00:00:00,P42_SC,,1157.86668607694
2025-01-04 00:00:00,P47_CH,,1146.25849761726
2025-01-04 00:00:00,P47_SC,,1156.21591219497
2025-01-04 00:00:00,P59_CL,,1156.54728987555
2025-01-04 00:00:00,P59_SC,,1158.15422209332
2025-01-04 00:00:00,P59_SM,,1154.96185051144
2025-01-05 00:00:00,BH21-P60_CH,,1151.375455262175
2025-01-05 00:00:00,BH21-P60_GP-GC,,1157.27052616224
2025-01-05 00:00:00,DH12-11_CH,,1157.4047965263348
2025-01-05 00:00:00,DH12-13_CH,,1157.304077283235
2025-01-05 00:00:00,P42_CH,,1161.22451863378
2025-01-05 00:00:00,P42_CL,,1156.15322874552
2025-01-05 00:00:00,P42_SC,,1157.81041424776
2025-01-05 00:00:00,P47_CH,,1146.21960182263
2025-01-05 00:00:00,P47_SC,,1156.14943580199
2025-01-05 00:00:00,P59_CL,,1156.52535325618
2025-01-05 00:00:00,P59_SC,,1158.13313916483
2025-01-05 00:00:00,P59_SM,,1154.92752466156
2025-01-06 00:00:00,BH21-P60_CH,,1151.38471610666
2025-01-06 00:00:00,BH21-P60_GP-GC,,1157.29938374192
2025-01-06 00:00:00,DH12-11_CH,,1157.2329624251302
2025-01-06 00:00:00,DH12-13_CH,,1157.2773698902101
2025-01-06 00:00:00,P42_CH,,1161.21178328432
2025-01-06 00:00:00,P42_CL,,1156.13218802265
2025-01-06 00:00:00,P42_SC,,1157.92284750888
2025-01-06 00:00:00,P47_CH,,1146.25221302784
2025-01-06 00:00:00,P47_SC,,1156.14153754372
2025-01-06 00:00:00,P59_CL,,1156.59786801683
2025-01-06 00:00:00,P59_SC,,1158.21139461954
2025-01-06 00:00:00,P59_SM,,1155.0101247589
2025-01-07 00:00:00,BH21-P60_CH,,1151.36460980515
2025-01-07 00:00:00,BH21-P60_GP-GC,,1157.29244386366
2025-01-07 00:00:00,DH12-11_CH,,1157.2852848984398
2025-01-07 00:00:00,DH12-13_CH,,1157.36015291254
2025-01-07 00:00:00,P42_CH,,1161.24561324802
2025-01-07 00:00:00,P42_CL,,1156.17932137087
2025-01-07 00:00:00,P42_SC,,1158.0479175838
2025-01-07 00:00:00,P47_CH,,1146.29404760879
2025-01-07 00:00:00,P47_SC,,1156.11480245135
2025-01-07 00:00:00,P59_CL,,1156.6025101281
2025-01-07 00:00:00,P59_SC,,1158.21183510649
2025-01-07 00:00:00,P59_SM,,1155.0428429269
2025-01-08 00:00:00,BH21-P60_CH,,1151.37350254705
2025-01-08 00:00:00,BH21-P60_GP-GC,,1157.30005942927
2025-01-08 00:00:00,DH12-11_CH,,1157.2787810701052
2025-01-08 00:00:00,DH12-13_CH,,1157.407876379335
2025-01-08 00:00:00,P42_CH,,1161.27013003041
2025-01-08 00:00:00,P42_CL,,1156.20408151299
2025-01-08 00:00:00,P42_SC,,1158.04621409738
2025-01-08 00:00:00,P47_CH,,1146.31171307792
2025-01-08 00:00:00,P47_SC,,1156.09546406169
2025-01-08 00:00:00,P59_CL,,1156.86009291831
2025-01-08 00:00:00,P59_SC,,1158.28998289702
2025-01-08 00:00:00,P59_SM,,1155.3087565378
2025-01-09 00:00:00,BH21-P60_CH,,1151.335780356025
2025-01-09 00:00:00,BH21-P60_GP-GC,,1157.22404393549
2025-01-09 00:00:00,DH12-11_CH,,1157.316467837385
2025-01-09 00:00:00,DH12-13_CH,,1157.5101649111998
2025-01-09 00:00:00,P47_CH,,1146.40166530452
2025-01-09 00:00:00,P47_SC,,1155.99422591909
2025-01-09 00:00:00,P59_CL,,1156.78139397194
2025-01-09 00:00:00,P59_SC,,1158.22813309369
2025-01-09 00:00:00,P59_SM,,1155.23098328874
2025-01-10 00:00:00,BH21-P60_CH,,1151.334287120585
2025-01-10 00:00:00,BH21-P60_GP-GC,,1157.19635425336
2025-01-10 00:00:00,DH12-11_CH,,1157.2663479458452
2025-01-10 00:00:00,DH12-13_CH,,1157.6781564375651
2025-01-10 00:00:00,P42_CH,,1161.30334253142
2025-01-10 00:00:00,P42_CL,,1156.24671759736
2025-01-10 00:00:00,P42_SC,,1158.0617103121
2025-01-10 00:00:00,P47_CH,,1146.35714275009
2025-01-10 00:00:00,P47_SC,,1155.95385532439
2025-01-10 00:00:00,P59_CL,,1156.75393694039
2025-01-10 00:00:00,P59_SC,,1158.2182449462
2025-01-10 00:00:00,P59_SM,,1155.23496840093
2025-01-11 00:00:00,BH21-P60_CH,,1151.30496348197
2025-01-11 00:00:00,BH21-P60_GP-GC,,1157.12634797114
2025-01-11 00:00:00,DH12-11_CH,,1157.312819248115
2025-01-11 00:00:00,DH12-13_CH,,1157.755808216355
2025-01-11 00:00:00,P47_CH,,1146.31674694354
2025-01-11 00:00:00,P47_SC,,1155.86790974435
2025-01-11 00:00:00,P59_CL,,1156.67022969571
2025-01-11 00:00:00,P59_SC,,1158.15669796401
2025-01-11 00:00:00,P59_SM,,1155.18348301795
2025-01-12 00:00:00,BH21-P60_CH,,1151.2732865032299
2025-01-12 00:00:00,BH21-P60_GP-GC,,1157.08267968953
2025-01-12 00:00:00,DH12-11_CH,,1157.2239344549798
2025-01-12 00:00:00,DH12-13_CH,,1157.844554786545
2025-01-12 00:00:00,P47_CH,,1146.27819553296
2025-01-12 00:00:00,P47_SC,,1155.81424767872
2025-01-12 00:00:00,P59_CL,,1156.61349340148
2025-01-12 00:00:00,P59_SC,,1158.11474468632
2025-01-12 00:00:00,P59_SM,,1155.12495856932
2025-01-13 00:00:00,BH21-P60_CH,,1151.2317056822749
2025-01-13 00:00:00,BH21-P60_GP-GC,,1157.07117833058
2025-01-13 00:00:00,DH12-11_CH,,1157.259442627395
2025-01-13 00:00:00,DH12-13_CH,,1157.919975643405
2025-01-13 00:00:00,P42_CH,,1161.2838750919
2025-01-13 00:00:00,P42_CL,,1156.23711339887
2025-01-13 00:00:00,P42_SC,,1158.07880006585
2025-01-13 00:00:00,P47_CH,,1146.46225786351
2025-01-13 00:00:00,P47_SC,,1155.82208388944
2025-01-13 00:00:00,P59_CL,,1156.57314033527
2025-01-13 00:00:00,P59_SC,,1158.11804081217
2025-01-13 00:00:00,P59_SM,,1155.12013773652
2025-01-14 00:00:00,BH21-P60_CH,,1151.2489708017451
2025-01-14 00:00:00,BH21-P60_GP-GC,,1157.1501809238
2025-01-14 00:00:00,DH12-11_CH,,1157.27747230661
2025-01-14 00:00:00,DH12-13_CH,,1157.98708175921
2025-01-14 00:00:00,P42_CH,,1161.29498332188
2025-01-14 00:00:00,P42_CL,,1156.23694685196
2025-01-14 00:00:00,P42_SC,,1158.14320220216
2025-01-14 00:00:00,P47_CH,,1146.89617043355
2025-01-14 00:00:00,P47_SC,,1155.88402076231
2025-01-14 00:00:00,P59_CL,,1156.67881591682
2025-01-14 00:00:00,P59_SC,,1158.22740401442
2025-01-14 00:00:00,P59_SM,,1155.22590547876
2025-01-15 00:00:00,BH21-P60_CH,,1151.285932814485
2025-01-15 00:00:00,BH21-P60_GP-GC,,1157.13651183365
2025-01-15 00:00:00,DH12-11_CH,,1157.2818893220951
2025-01-15 00:00:00,DH12-13_CH,,1158.05887405972
2025-01-15 00:00:00,P42_CH,,1161.31069189362
2025-01-15 00:00:00,P42_CL,,1156.26092956526
2025-01-15 00:00:00,P42_SC,,1158.12342004467
2025-01-15 00:00:00,P47_CH,,1146.93471708191
2025-01-15 00:00:00,P47_SC,,1155.86007362281
2025-01-15 00:00:00,P59_CL,,1156.68139481337
2025-01-15 00:00:00,P59_SC,,1158.25384825312
2025-01-15 00:00:00,P59_SM,,1155.21192539915
